-- MySQL dump 10.13  Distrib 5.7.37, for Linux (x86_64)
--
-- Host: 127.0.0.1    Database: blockbuster
-- ------------------------------------------------------
-- Server version	5.7.37-0ubuntu0.18.04.1

/*!40101 SET @OLD_CHARACTER_SET_CLIENT=@@CHARACTER_SET_CLIENT */;
/*!40101 SET @OLD_CHARACTER_SET_RESULTS=@@CHARACTER_SET_RESULTS */;
/*!40101 SET @OLD_COLLATION_CONNECTION=@@COLLATION_CONNECTION */;
/*!40101 SET NAMES utf8 */;
/*!40103 SET @OLD_TIME_ZONE=@@TIME_ZONE */;
/*!40103 SET TIME_ZONE='+00:00' */;
/*!40014 SET @OLD_UNIQUE_CHECKS=@@UNIQUE_CHECKS, UNIQUE_CHECKS=0 */;
/*!40014 SET @OLD_FOREIGN_KEY_CHECKS=@@FOREIGN_KEY_CHECKS, FOREIGN_KEY_CHECKS=0 */;
/*!40101 SET @OLD_SQL_MODE=@@SQL_MODE, SQL_MODE='NO_AUTO_VALUE_ON_ZERO' */;
/*!40111 SET @OLD_SQL_NOTES=@@SQL_NOTES, SQL_NOTES=0 */;
CREATE SCHEMA blockbuster;
USE blockbuster;
--
-- Table structure for table `articulos`
--

DROP TABLE IF EXISTS `articulos`;
/*!40101 SET @saved_cs_client     = @@character_set_client */;
/*!40101 SET character_set_client = utf8 */;
CREATE TABLE `articulos` (
  `id` int(10) unsigned NOT NULL AUTO_INCREMENT,
  `tipo` enum('Libro','CD','Pelicula') DEFAULT 'Libro',
  `autor_id` int(10) unsigned DEFAULT NULL,
  `nombre` varchar(200) DEFAULT NULL,
  `ano` year(4) DEFAULT NULL,
  `resumen` mediumtext,
  `duracion` smallint(5) unsigned DEFAULT NULL,
  `sucursal_id` int(10) unsigned NOT NULL,
  PRIMARY KEY (`id`),
  KEY `articulo_tipo_obra_fk_idx` (`tipo`),
  KEY `articulo_autor_fk_idx` (`autor_id`),
  KEY `articulo_sucursal_fk_idx` (`sucursal_id`),
  CONSTRAINT `articulo_autor_fk` FOREIGN KEY (`autor_id`) REFERENCES `autores` (`id`),
  CONSTRAINT `fk_articulos_1` FOREIGN KEY (`sucursal_id`) REFERENCES `sucursales` (`id`) ON DELETE NO ACTION ON UPDATE NO ACTION
) ENGINE=InnoDB AUTO_INCREMENT=2066 DEFAULT CHARSET=utf8;
/*!40101 SET character_set_client = @saved_cs_client */;

--
-- Dumping data for table `articulos`
--

LOCK TABLES `articulos` WRITE;
/*!40000 ALTER TABLE `articulos` DISABLE KEYS */;
INSERT INTO `articulos` VALUES (1,'Libro',1,'Harry Potter',1991,NULL,454,51),(2,'Libro',1,'Harry Potter',1991,NULL,454,42),(3,'Libro',2,'El Guardian en el centeno',1999,NULL,390,40),(4,'Libro',2,'El Guardian en el centeno',1999,NULL,390,1),(5,'Libro',2,'Nueve historias',2004,NULL,751,35),(6,'Libro',2,'Nueve historias',2004,NULL,751,18),(7,'Libro',3,'Franny y Zooey',1998,NULL,568,35),(8,'Libro',3,'Franny y Zooey',1998,NULL,568,20),(9,'Libro',4,'Tierna id la noche',1998,NULL,483,43),(10,'Libro',5,'Orgullo y prejuicio',2017,NULL,835,3),(11,'Libro',5,'Orgullo y prejuicio',2017,NULL,835,40),(13,'Libro',5,'Orgullo y prejuicio',2017,NULL,835,35),(14,'Libro',6,'El gran Gatsby',2020,NULL,793,4),(15,'Libro',6,'El gran Gatsby',2020,NULL,793,15),(16,'Libro',6,'El gran Gatsby',2020,NULL,793,15),(17,'Libro',6,'El gran Gatsby',2020,NULL,793,41),(18,'Pelicula',8,'1917',2020,NULL,123,40),(19,'Pelicula',9,'Jojo Rabbit',2020,NULL,146,18),(20,'Pelicula',10,'Bad Boys for Life',2020,NULL,98,18),(21,'Pelicula',10,'Aves de presa',2020,NULL,101,38),(22,'Pelicula',11,'Sonic, la película',2020,NULL,121,51),(23,'Pelicula',12,'Bloodshot',2020,NULL,117,44),(24,'Pelicula',13,'El hombre invisible',2020,NULL,98,44),(25,'Pelicula',14,'The Gentlemen: Los señores de la mafia',2020,NULL,87,49),(26,'Pelicula',15,'Onward',2020,NULL,111,47),(27,'Pelicula',16,'Un lugar tranquilo: Parte 2',2020,NULL,107,41),(28,'Pelicula',17,'Mulan',2020,NULL,131,37),(56,'Libro',1,'Harry Potter',1991,NULL,454,12),(57,'Libro',1,'Harry Potter',1991,NULL,454,48),(58,'Libro',2,'El Guardian en el centeno',1999,NULL,390,50),(59,'Libro',2,'El Guardian en el centeno',1999,NULL,390,4),(60,'Libro',2,'Nueve historias',2004,NULL,751,43),(61,'Libro',2,'Nueve historias',2004,NULL,751,51),(62,'Libro',3,'Franny y Zooey',1998,NULL,568,36),(63,'Libro',3,'Franny y Zooey',1998,NULL,568,13),(64,'Libro',4,'Tierna id la noche',1998,NULL,483,17),(65,'Libro',5,'Orgullo y prejuicio',2017,NULL,835,43),(66,'Libro',5,'Orgullo y prejuicio',2017,NULL,835,12),(67,'Libro',5,'Orgullo y prejuicio',2017,NULL,835,51),(68,'Libro',6,'El gran Gatsby',2020,NULL,793,15),(69,'Libro',6,'El gran Gatsby',2020,NULL,793,42),(70,'Libro',6,'El gran Gatsby',2020,NULL,793,39),(71,'Libro',6,'El gran Gatsby',2020,NULL,793,16),(72,'Pelicula',8,'1917',2020,NULL,123,9),(73,'Pelicula',9,'Jojo Rabbit',2020,NULL,146,48),(74,'Pelicula',10,'Bad Boys for Life',2020,NULL,98,8),(75,'Pelicula',10,'Aves de presa',2020,NULL,101,48),(76,'Pelicula',11,'Sonic, la película',2020,NULL,121,12),(77,'Pelicula',12,'Bloodshot',2020,NULL,117,18),(78,'Pelicula',13,'El hombre invisible',2020,NULL,98,2),(79,'Pelicula',14,'The Gentlemen: Los señores de la mafia',2020,NULL,87,7),(80,'Pelicula',15,'Onward',2020,NULL,111,37),(81,'Pelicula',16,'Un lugar tranquilo: Parte 2',2020,NULL,107,48),(82,'Pelicula',17,'Mulan',2020,NULL,131,20),(87,'Libro',1,'Harry Potter',1991,NULL,454,35),(88,'Libro',1,'Harry Potter',1991,NULL,454,14),(89,'Libro',2,'El Guardian en el centeno',1999,NULL,390,14),(90,'Libro',2,'El Guardian en el centeno',1999,NULL,390,43),(91,'Libro',2,'Nueve historias',2004,NULL,751,3),(92,'Libro',2,'Nueve historias',2004,NULL,751,37),(93,'Libro',3,'Franny y Zooey',1998,NULL,568,17),(94,'Libro',3,'Franny y Zooey',1998,NULL,568,8),(95,'Libro',4,'Tierna id la noche',1998,NULL,483,40),(96,'Libro',5,'Orgullo y prejuicio',2017,NULL,835,38),(97,'Libro',5,'Orgullo y prejuicio',2017,NULL,835,43),(98,'Libro',5,'Orgullo y prejuicio',2017,NULL,835,44),(99,'Libro',6,'El gran Gatsby',2020,NULL,793,40),(100,'Libro',6,'El gran Gatsby',2020,NULL,793,15),(101,'Libro',6,'El gran Gatsby',2020,NULL,793,5),(102,'Libro',6,'El gran Gatsby',2020,NULL,793,47),(103,'Pelicula',8,'1917',2020,NULL,123,47),(104,'Pelicula',9,'Jojo Rabbit',2020,NULL,146,50),(105,'Pelicula',10,'Bad Boys for Life',2020,NULL,98,15),(106,'Pelicula',10,'Aves de presa',2020,NULL,101,41),(107,'Pelicula',11,'Sonic, la película',2020,NULL,121,36),(108,'Pelicula',12,'Bloodshot',2020,NULL,117,11),(109,'Pelicula',13,'El hombre invisible',2020,NULL,98,35),(110,'Pelicula',14,'The Gentlemen: Los señores de la mafia',2020,NULL,87,41),(111,'Pelicula',15,'Onward',2020,NULL,111,46),(112,'Pelicula',16,'Un lugar tranquilo: Parte 2',2020,NULL,107,8),(113,'Pelicula',17,'Mulan',2020,NULL,131,1),(114,'Libro',1,'Harry Potter',1991,NULL,454,40),(115,'Libro',1,'Harry Potter',1991,NULL,454,14),(116,'Libro',2,'El Guardian en el centeno',1999,NULL,390,17),(117,'Libro',2,'El Guardian en el centeno',1999,NULL,390,42),(118,'Libro',2,'Nueve historias',2004,NULL,751,7),(119,'Libro',2,'Nueve historias',2004,NULL,751,11),(120,'Libro',3,'Franny y Zooey',1998,NULL,568,39),(121,'Libro',3,'Franny y Zooey',1998,NULL,568,41),(122,'Libro',4,'Tierna id la noche',1998,NULL,483,38),(123,'Libro',5,'Orgullo y prejuicio',2017,NULL,835,5),(124,'Libro',5,'Orgullo y prejuicio',2017,NULL,835,14),(125,'Libro',5,'Orgullo y prejuicio',2017,NULL,835,5),(126,'Libro',6,'El gran Gatsby',2020,NULL,793,39),(127,'Libro',6,'El gran Gatsby',2020,NULL,793,39),(128,'Libro',6,'El gran Gatsby',2020,NULL,793,50),(129,'Libro',6,'El gran Gatsby',2020,NULL,793,36),(130,'Pelicula',8,'1917',2020,NULL,123,1),(131,'Pelicula',9,'Jojo Rabbit',2020,NULL,146,16),(132,'Pelicula',10,'Bad Boys for Life',2020,NULL,98,46),(133,'Pelicula',10,'Aves de presa',2020,NULL,101,18),(134,'Pelicula',11,'Sonic, la película',2020,NULL,121,37),(135,'Pelicula',12,'Bloodshot',2020,NULL,117,2),(136,'Pelicula',13,'El hombre invisible',2020,NULL,98,45),(137,'Pelicula',14,'The Gentlemen: Los señores de la mafia',2020,NULL,87,16),(138,'Pelicula',15,'Onward',2020,NULL,111,47),(139,'Pelicula',16,'Un lugar tranquilo: Parte 2',2020,NULL,107,45),(140,'Pelicula',17,'Mulan',2020,NULL,131,19),(150,'Libro',1,'Harry Potter',1991,NULL,454,48),(151,'Libro',1,'Harry Potter',1991,NULL,454,48),(152,'Libro',2,'El Guardian en el centeno',1999,NULL,390,10),(153,'Libro',2,'El Guardian en el centeno',1999,NULL,390,7),(154,'Libro',2,'Nueve historias',2004,NULL,751,5),(155,'Libro',2,'Nueve historias',2004,NULL,751,2),(156,'Libro',3,'Franny y Zooey',1998,NULL,568,49),(157,'Libro',3,'Franny y Zooey',1998,NULL,568,36),(158,'Libro',4,'Tierna id la noche',1998,NULL,483,8),(159,'Libro',5,'Orgullo y prejuicio',2017,NULL,835,49),(160,'Libro',5,'Orgullo y prejuicio',2017,NULL,835,16),(161,'Libro',5,'Orgullo y prejuicio',2017,NULL,835,51),(162,'Libro',6,'El gran Gatsby',2020,NULL,793,47),(163,'Libro',6,'El gran Gatsby',2020,NULL,793,3),(164,'Libro',6,'El gran Gatsby',2020,NULL,793,1),(165,'Libro',6,'El gran Gatsby',2020,NULL,793,49),(166,'Pelicula',8,'1917',2020,NULL,123,46),(167,'Pelicula',9,'Jojo Rabbit',2020,NULL,146,36),(168,'Pelicula',10,'Bad Boys for Life',2020,NULL,98,20),(169,'Pelicula',10,'Aves de presa',2020,NULL,101,43),(170,'Pelicula',11,'Sonic, la película',2020,NULL,121,40),(171,'Pelicula',12,'Bloodshot',2020,NULL,117,38),(172,'Pelicula',13,'El hombre invisible',2020,NULL,98,13),(173,'Pelicula',14,'The Gentlemen: Los señores de la mafia',2020,NULL,87,4),(174,'Pelicula',15,'Onward',2020,NULL,111,36),(175,'Pelicula',16,'Un lugar tranquilo: Parte 2',2020,NULL,107,38),(176,'Pelicula',17,'Mulan',2020,NULL,131,46),(177,'Libro',1,'Harry Potter',1991,NULL,454,15),(178,'Libro',1,'Harry Potter',1991,NULL,454,37),(179,'Libro',2,'El Guardian en el centeno',1999,NULL,390,38),(180,'Libro',2,'El Guardian en el centeno',1999,NULL,390,44),(181,'Libro',2,'Nueve historias',2004,NULL,751,41),(182,'Libro',2,'Nueve historias',2004,NULL,751,40),(183,'Libro',3,'Franny y Zooey',1998,NULL,568,41),(184,'Libro',3,'Franny y Zooey',1998,NULL,568,46),(185,'Libro',4,'Tierna id la noche',1998,NULL,483,45),(186,'Libro',5,'Orgullo y prejuicio',2017,NULL,835,38),(187,'Libro',5,'Orgullo y prejuicio',2017,NULL,835,4),(188,'Libro',5,'Orgullo y prejuicio',2017,NULL,835,5),(189,'Libro',6,'El gran Gatsby',2020,NULL,793,15),(190,'Libro',6,'El gran Gatsby',2020,NULL,793,6),(191,'Libro',6,'El gran Gatsby',2020,NULL,793,37),(192,'Libro',6,'El gran Gatsby',2020,NULL,793,12),(193,'Pelicula',8,'1917',2020,NULL,123,51),(194,'Pelicula',9,'Jojo Rabbit',2020,NULL,146,16),(195,'Pelicula',10,'Bad Boys for Life',2020,NULL,98,49),(196,'Pelicula',10,'Aves de presa',2020,NULL,101,35),(197,'Pelicula',11,'Sonic, la película',2020,NULL,121,43),(198,'Pelicula',12,'Bloodshot',2020,NULL,117,9),(199,'Pelicula',13,'El hombre invisible',2020,NULL,98,17),(200,'Pelicula',14,'The Gentlemen: Los señores de la mafia',2020,NULL,87,6),(201,'Pelicula',15,'Onward',2020,NULL,111,39),(202,'Pelicula',16,'Un lugar tranquilo: Parte 2',2020,NULL,107,46),(203,'Pelicula',17,'Mulan',2020,NULL,131,48),(204,'Libro',1,'Harry Potter',1991,NULL,454,6),(205,'Libro',1,'Harry Potter',1991,NULL,454,35),(206,'Libro',2,'El Guardian en el centeno',1999,NULL,390,7),(207,'Libro',2,'El Guardian en el centeno',1999,NULL,390,43),(208,'Libro',2,'Nueve historias',2004,NULL,751,45),(209,'Libro',2,'Nueve historias',2004,NULL,751,43),(210,'Libro',3,'Franny y Zooey',1998,NULL,568,3),(211,'Libro',3,'Franny y Zooey',1998,NULL,568,42),(212,'Libro',4,'Tierna id la noche',1998,NULL,483,49),(213,'Libro',5,'Orgullo y prejuicio',2017,NULL,835,14),(214,'Libro',5,'Orgullo y prejuicio',2017,NULL,835,46),(215,'Libro',5,'Orgullo y prejuicio',2017,NULL,835,38),(216,'Libro',6,'El gran Gatsby',2020,NULL,793,9),(217,'Libro',6,'El gran Gatsby',2020,NULL,793,48),(218,'Libro',6,'El gran Gatsby',2020,NULL,793,36),(219,'Libro',6,'El gran Gatsby',2020,NULL,793,14),(220,'Pelicula',8,'1917',2020,NULL,123,36),(221,'Pelicula',9,'Jojo Rabbit',2020,NULL,146,12),(222,'Pelicula',10,'Bad Boys for Life',2020,NULL,98,49),(223,'Pelicula',10,'Aves de presa',2020,NULL,101,5),(224,'Pelicula',11,'Sonic, la película',2020,NULL,121,37),(225,'Pelicula',12,'Bloodshot',2020,NULL,117,40),(226,'Pelicula',13,'El hombre invisible',2020,NULL,98,3),(227,'Pelicula',14,'The Gentlemen: Los señores de la mafia',2020,NULL,87,39),(228,'Pelicula',15,'Onward',2020,NULL,111,38),(229,'Pelicula',16,'Un lugar tranquilo: Parte 2',2020,NULL,107,48),(230,'Pelicula',17,'Mulan',2020,NULL,131,41),(231,'Libro',1,'Harry Potter',1991,NULL,454,38),(232,'Libro',1,'Harry Potter',1991,NULL,454,20),(233,'Libro',2,'El Guardian en el centeno',1999,NULL,390,13),(234,'Libro',2,'El Guardian en el centeno',1999,NULL,390,5),(235,'Libro',2,'Nueve historias',2004,NULL,751,37),(236,'Libro',2,'Nueve historias',2004,NULL,751,14),(237,'Libro',3,'Franny y Zooey',1998,NULL,568,10),(238,'Libro',3,'Franny y Zooey',1998,NULL,568,8),(239,'Libro',4,'Tierna id la noche',1998,NULL,483,7),(240,'Libro',5,'Orgullo y prejuicio',2017,NULL,835,14),(241,'Libro',5,'Orgullo y prejuicio',2017,NULL,835,48),(242,'Libro',5,'Orgullo y prejuicio',2017,NULL,835,42),(243,'Libro',6,'El gran Gatsby',2020,NULL,793,16),(244,'Libro',6,'El gran Gatsby',2020,NULL,793,4),(245,'Libro',6,'El gran Gatsby',2020,NULL,793,49),(246,'Libro',6,'El gran Gatsby',2020,NULL,793,2),(247,'Pelicula',8,'1917',2020,NULL,123,41),(248,'Pelicula',9,'Jojo Rabbit',2020,NULL,146,44),(249,'Pelicula',10,'Bad Boys for Life',2020,NULL,98,45),(250,'Pelicula',10,'Aves de presa',2020,NULL,101,43),(251,'Pelicula',11,'Sonic, la película',2020,NULL,121,43),(252,'Pelicula',12,'Bloodshot',2020,NULL,117,13),(253,'Pelicula',13,'El hombre invisible',2020,NULL,98,35),(254,'Pelicula',14,'The Gentlemen: Los señores de la mafia',2020,NULL,87,14),(255,'Pelicula',15,'Onward',2020,NULL,111,47),(256,'Pelicula',16,'Un lugar tranquilo: Parte 2',2020,NULL,107,42),(257,'Pelicula',17,'Mulan',2020,NULL,131,44),(277,'Libro',1,'Harry Potter',1991,NULL,454,51),(278,'Libro',1,'Harry Potter',1991,NULL,454,44),(279,'Libro',2,'El Guardian en el centeno',1999,NULL,390,36),(280,'Libro',2,'El Guardian en el centeno',1999,NULL,390,44),(281,'Libro',2,'Nueve historias',2004,NULL,751,11),(282,'Libro',2,'Nueve historias',2004,NULL,751,35),(283,'Libro',3,'Franny y Zooey',1998,NULL,568,44),(284,'Libro',3,'Franny y Zooey',1998,NULL,568,8),(285,'Libro',4,'Tierna id la noche',1998,NULL,483,16),(286,'Libro',5,'Orgullo y prejuicio',2017,NULL,835,3),(287,'Libro',5,'Orgullo y prejuicio',2017,NULL,835,20),(288,'Libro',5,'Orgullo y prejuicio',2017,NULL,835,36),(289,'Libro',6,'El gran Gatsby',2020,NULL,793,45),(290,'Libro',6,'El gran Gatsby',2020,NULL,793,46),(291,'Libro',6,'El gran Gatsby',2020,NULL,793,14),(292,'Libro',6,'El gran Gatsby',2020,NULL,793,42),(293,'Pelicula',8,'1917',2020,NULL,123,13),(294,'Pelicula',9,'Jojo Rabbit',2020,NULL,146,42),(295,'Pelicula',10,'Bad Boys for Life',2020,NULL,98,15),(296,'Pelicula',10,'Aves de presa',2020,NULL,101,14),(297,'Pelicula',11,'Sonic, la película',2020,NULL,121,47),(298,'Pelicula',12,'Bloodshot',2020,NULL,117,15),(299,'Pelicula',13,'El hombre invisible',2020,NULL,98,8),(300,'Pelicula',14,'The Gentlemen: Los señores de la mafia',2020,NULL,87,47),(301,'Pelicula',15,'Onward',2020,NULL,111,7),(302,'Pelicula',16,'Un lugar tranquilo: Parte 2',2020,NULL,107,47),(303,'Pelicula',17,'Mulan',2020,NULL,131,10),(304,'Libro',1,'Harry Potter',1991,NULL,454,8),(305,'Libro',1,'Harry Potter',1991,NULL,454,9),(306,'Libro',2,'El Guardian en el centeno',1999,NULL,390,44),(307,'Libro',2,'El Guardian en el centeno',1999,NULL,390,42),(308,'Libro',2,'Nueve historias',2004,NULL,751,39),(309,'Libro',2,'Nueve historias',2004,NULL,751,51),(310,'Libro',3,'Franny y Zooey',1998,NULL,568,35),(311,'Libro',3,'Franny y Zooey',1998,NULL,568,43),(312,'Libro',4,'Tierna id la noche',1998,NULL,483,8),(313,'Libro',5,'Orgullo y prejuicio',2017,NULL,835,38),(314,'Libro',5,'Orgullo y prejuicio',2017,NULL,835,37),(315,'Libro',5,'Orgullo y prejuicio',2017,NULL,835,13),(316,'Libro',6,'El gran Gatsby',2020,NULL,793,5),(317,'Libro',6,'El gran Gatsby',2020,NULL,793,37),(318,'Libro',6,'El gran Gatsby',2020,NULL,793,16),(319,'Libro',6,'El gran Gatsby',2020,NULL,793,43),(320,'Pelicula',8,'1917',2020,NULL,123,3),(321,'Pelicula',9,'Jojo Rabbit',2020,NULL,146,5),(322,'Pelicula',10,'Bad Boys for Life',2020,NULL,98,15),(323,'Pelicula',10,'Aves de presa',2020,NULL,101,9),(324,'Pelicula',11,'Sonic, la película',2020,NULL,121,51),(325,'Pelicula',12,'Bloodshot',2020,NULL,117,49),(326,'Pelicula',13,'El hombre invisible',2020,NULL,98,13),(327,'Pelicula',14,'The Gentlemen: Los señores de la mafia',2020,NULL,87,45),(328,'Pelicula',15,'Onward',2020,NULL,111,46),(329,'Pelicula',16,'Un lugar tranquilo: Parte 2',2020,NULL,107,51),(330,'Pelicula',17,'Mulan',2020,NULL,131,4),(331,'Libro',1,'Harry Potter',1991,NULL,454,46),(332,'Libro',1,'Harry Potter',1991,NULL,454,43),(333,'Libro',2,'El Guardian en el centeno',1999,NULL,390,44),(334,'Libro',2,'El Guardian en el centeno',1999,NULL,390,40),(335,'Libro',2,'Nueve historias',2004,NULL,751,49),(336,'Libro',2,'Nueve historias',2004,NULL,751,40),(337,'Libro',3,'Franny y Zooey',1998,NULL,568,35),(338,'Libro',3,'Franny y Zooey',1998,NULL,568,39),(339,'Libro',4,'Tierna id la noche',1998,NULL,483,49),(340,'Libro',5,'Orgullo y prejuicio',2017,NULL,835,38),(341,'Libro',5,'Orgullo y prejuicio',2017,NULL,835,9),(342,'Libro',5,'Orgullo y prejuicio',2017,NULL,835,38),(343,'Libro',6,'El gran Gatsby',2020,NULL,793,37),(344,'Libro',6,'El gran Gatsby',2020,NULL,793,41),(345,'Libro',6,'El gran Gatsby',2020,NULL,793,50),(346,'Libro',6,'El gran Gatsby',2020,NULL,793,2),(347,'Pelicula',8,'1917',2020,NULL,123,10),(348,'Pelicula',9,'Jojo Rabbit',2020,NULL,146,43),(349,'Pelicula',10,'Bad Boys for Life',2020,NULL,98,40),(350,'Pelicula',10,'Aves de presa',2020,NULL,101,44),(351,'Pelicula',11,'Sonic, la película',2020,NULL,121,43),(352,'Pelicula',12,'Bloodshot',2020,NULL,117,49),(353,'Pelicula',13,'El hombre invisible',2020,NULL,98,43),(354,'Pelicula',14,'The Gentlemen: Los señores de la mafia',2020,NULL,87,37),(355,'Pelicula',15,'Onward',2020,NULL,111,3),(356,'Pelicula',16,'Un lugar tranquilo: Parte 2',2020,NULL,107,4),(357,'Pelicula',17,'Mulan',2020,NULL,131,13),(358,'Libro',1,'Harry Potter',1991,NULL,454,2),(359,'Libro',1,'Harry Potter',1991,NULL,454,35),(360,'Libro',2,'El Guardian en el centeno',1999,NULL,390,49),(361,'Libro',2,'El Guardian en el centeno',1999,NULL,390,45),(362,'Libro',2,'Nueve historias',2004,NULL,751,43),(363,'Libro',2,'Nueve historias',2004,NULL,751,36),(364,'Libro',3,'Franny y Zooey',1998,NULL,568,18),(365,'Libro',3,'Franny y Zooey',1998,NULL,568,1),(366,'Libro',4,'Tierna id la noche',1998,NULL,483,50),(367,'Libro',5,'Orgullo y prejuicio',2017,NULL,835,45),(368,'Libro',5,'Orgullo y prejuicio',2017,NULL,835,45),(369,'Libro',5,'Orgullo y prejuicio',2017,NULL,835,47),(370,'Libro',6,'El gran Gatsby',2020,NULL,793,5),(371,'Libro',6,'El gran Gatsby',2020,NULL,793,2),(372,'Libro',6,'El gran Gatsby',2020,NULL,793,44),(373,'Libro',6,'El gran Gatsby',2020,NULL,793,13),(374,'Pelicula',8,'1917',2020,NULL,123,49),(375,'Pelicula',9,'Jojo Rabbit',2020,NULL,146,16),(376,'Pelicula',10,'Bad Boys for Life',2020,NULL,98,35),(377,'Pelicula',10,'Aves de presa',2020,NULL,101,37),(378,'Pelicula',11,'Sonic, la película',2020,NULL,121,51),(379,'Pelicula',12,'Bloodshot',2020,NULL,117,18),(380,'Pelicula',13,'El hombre invisible',2020,NULL,98,48),(381,'Pelicula',14,'The Gentlemen: Los señores de la mafia',2020,NULL,87,35),(382,'Pelicula',15,'Onward',2020,NULL,111,44),(383,'Pelicula',16,'Un lugar tranquilo: Parte 2',2020,NULL,107,44),(384,'Pelicula',17,'Mulan',2020,NULL,131,48),(385,'Libro',1,'Harry Potter',1991,NULL,454,7),(386,'Libro',1,'Harry Potter',1991,NULL,454,2),(387,'Libro',2,'El Guardian en el centeno',1999,NULL,390,41),(388,'Libro',2,'El Guardian en el centeno',1999,NULL,390,44),(389,'Libro',2,'Nueve historias',2004,NULL,751,44),(390,'Libro',2,'Nueve historias',2004,NULL,751,37),(391,'Libro',3,'Franny y Zooey',1998,NULL,568,4),(392,'Libro',3,'Franny y Zooey',1998,NULL,568,9),(393,'Libro',4,'Tierna id la noche',1998,NULL,483,41),(394,'Libro',5,'Orgullo y prejuicio',2017,NULL,835,44),(395,'Libro',5,'Orgullo y prejuicio',2017,NULL,835,19),(396,'Libro',5,'Orgullo y prejuicio',2017,NULL,835,45),(397,'Libro',6,'El gran Gatsby',2020,NULL,793,16),(398,'Libro',6,'El gran Gatsby',2020,NULL,793,45),(399,'Libro',6,'El gran Gatsby',2020,NULL,793,45),(400,'Libro',6,'El gran Gatsby',2020,NULL,793,43),(401,'Pelicula',8,'1917',2020,NULL,123,45),(402,'Pelicula',9,'Jojo Rabbit',2020,NULL,146,6),(403,'Pelicula',10,'Bad Boys for Life',2020,NULL,98,44),(404,'Pelicula',10,'Aves de presa',2020,NULL,101,47),(405,'Pelicula',11,'Sonic, la película',2020,NULL,121,51),(406,'Pelicula',12,'Bloodshot',2020,NULL,117,14),(407,'Pelicula',13,'El hombre invisible',2020,NULL,98,18),(408,'Pelicula',14,'The Gentlemen: Los señores de la mafia',2020,NULL,87,46),(409,'Pelicula',15,'Onward',2020,NULL,111,43),(410,'Pelicula',16,'Un lugar tranquilo: Parte 2',2020,NULL,107,37),(411,'Pelicula',17,'Mulan',2020,NULL,131,9),(412,'Libro',1,'Harry Potter',1991,NULL,454,45),(413,'Libro',1,'Harry Potter',1991,NULL,454,45),(414,'Libro',2,'El Guardian en el centeno',1999,NULL,390,19),(415,'Libro',2,'El Guardian en el centeno',1999,NULL,390,46),(416,'Libro',2,'Nueve historias',2004,NULL,751,20),(417,'Libro',2,'Nueve historias',2004,NULL,751,10),(418,'Libro',3,'Franny y Zooey',1998,NULL,568,41),(419,'Libro',3,'Franny y Zooey',1998,NULL,568,41),(420,'Libro',4,'Tierna id la noche',1998,NULL,483,40),(421,'Libro',5,'Orgullo y prejuicio',2017,NULL,835,50),(422,'Libro',5,'Orgullo y prejuicio',2017,NULL,835,40),(423,'Libro',5,'Orgullo y prejuicio',2017,NULL,835,35),(424,'Libro',6,'El gran Gatsby',2020,NULL,793,36),(425,'Libro',6,'El gran Gatsby',2020,NULL,793,37),(426,'Libro',6,'El gran Gatsby',2020,NULL,793,11),(427,'Libro',6,'El gran Gatsby',2020,NULL,793,3),(428,'Pelicula',8,'1917',2020,NULL,123,47),(429,'Pelicula',9,'Jojo Rabbit',2020,NULL,146,5),(430,'Pelicula',10,'Bad Boys for Life',2020,NULL,98,38),(431,'Pelicula',10,'Aves de presa',2020,NULL,101,16),(432,'Pelicula',11,'Sonic, la película',2020,NULL,121,49),(433,'Pelicula',12,'Bloodshot',2020,NULL,117,43),(434,'Pelicula',13,'El hombre invisible',2020,NULL,98,17),(435,'Pelicula',14,'The Gentlemen: Los señores de la mafia',2020,NULL,87,9),(436,'Pelicula',15,'Onward',2020,NULL,111,41),(437,'Pelicula',16,'Un lugar tranquilo: Parte 2',2020,NULL,107,50),(438,'Pelicula',17,'Mulan',2020,NULL,131,7),(439,'Libro',1,'Harry Potter',1991,NULL,454,8),(440,'Libro',1,'Harry Potter',1991,NULL,454,17),(441,'Libro',2,'El Guardian en el centeno',1999,NULL,390,9),(442,'Libro',2,'El Guardian en el centeno',1999,NULL,390,47),(443,'Libro',2,'Nueve historias',2004,NULL,751,2),(444,'Libro',2,'Nueve historias',2004,NULL,751,20),(445,'Libro',3,'Franny y Zooey',1998,NULL,568,42),(446,'Libro',3,'Franny y Zooey',1998,NULL,568,48),(447,'Libro',4,'Tierna id la noche',1998,NULL,483,14),(448,'Libro',5,'Orgullo y prejuicio',2017,NULL,835,49),(449,'Libro',5,'Orgullo y prejuicio',2017,NULL,835,43),(450,'Libro',5,'Orgullo y prejuicio',2017,NULL,835,49),(451,'Libro',6,'El gran Gatsby',2020,NULL,793,49),(452,'Libro',6,'El gran Gatsby',2020,NULL,793,39),(453,'Libro',6,'El gran Gatsby',2020,NULL,793,44),(454,'Libro',6,'El gran Gatsby',2020,NULL,793,42),(455,'Pelicula',8,'1917',2020,NULL,123,43),(456,'Pelicula',9,'Jojo Rabbit',2020,NULL,146,35),(457,'Pelicula',10,'Bad Boys for Life',2020,NULL,98,48),(458,'Pelicula',10,'Aves de presa',2020,NULL,101,48),(459,'Pelicula',11,'Sonic, la película',2020,NULL,121,44),(460,'Pelicula',12,'Bloodshot',2020,NULL,117,49),(461,'Pelicula',13,'El hombre invisible',2020,NULL,98,3),(462,'Pelicula',14,'The Gentlemen: Los señores de la mafia',2020,NULL,87,20),(463,'Pelicula',15,'Onward',2020,NULL,111,41),(464,'Pelicula',16,'Un lugar tranquilo: Parte 2',2020,NULL,107,40),(465,'Pelicula',17,'Mulan',2020,NULL,131,41),(466,'Libro',1,'Harry Potter',1991,NULL,454,9),(467,'Libro',1,'Harry Potter',1991,NULL,454,16),(468,'Libro',2,'El Guardian en el centeno',1999,NULL,390,5),(469,'Libro',2,'El Guardian en el centeno',1999,NULL,390,40),(470,'Libro',2,'Nueve historias',2004,NULL,751,16),(471,'Libro',2,'Nueve historias',2004,NULL,751,49),(472,'Libro',3,'Franny y Zooey',1998,NULL,568,46),(473,'Libro',3,'Franny y Zooey',1998,NULL,568,41),(474,'Libro',4,'Tierna id la noche',1998,NULL,483,14),(475,'Libro',5,'Orgullo y prejuicio',2017,NULL,835,35),(476,'Libro',5,'Orgullo y prejuicio',2017,NULL,835,47),(477,'Libro',5,'Orgullo y prejuicio',2017,NULL,835,50),(478,'Libro',6,'El gran Gatsby',2020,NULL,793,7),(479,'Libro',6,'El gran Gatsby',2020,NULL,793,36),(480,'Libro',6,'El gran Gatsby',2020,NULL,793,6),(481,'Libro',6,'El gran Gatsby',2020,NULL,793,49),(482,'Pelicula',8,'1917',2020,NULL,123,38),(483,'Pelicula',9,'Jojo Rabbit',2020,NULL,146,38),(484,'Pelicula',10,'Bad Boys for Life',2020,NULL,98,14),(485,'Pelicula',10,'Aves de presa',2020,NULL,101,42),(486,'Pelicula',11,'Sonic, la película',2020,NULL,121,15),(487,'Pelicula',12,'Bloodshot',2020,NULL,117,48),(488,'Pelicula',13,'El hombre invisible',2020,NULL,98,45),(489,'Pelicula',14,'The Gentlemen: Los señores de la mafia',2020,NULL,87,43),(490,'Pelicula',15,'Onward',2020,NULL,111,10),(491,'Pelicula',16,'Un lugar tranquilo: Parte 2',2020,NULL,107,15),(492,'Pelicula',17,'Mulan',2020,NULL,131,41),(532,'Libro',1,'Harry Potter',1991,NULL,454,9),(533,'Libro',1,'Harry Potter',1991,NULL,454,51),(534,'Libro',2,'El Guardian en el centeno',1999,NULL,390,37),(535,'Libro',2,'El Guardian en el centeno',1999,NULL,390,36),(536,'Libro',2,'Nueve historias',2004,NULL,751,38),(537,'Libro',2,'Nueve historias',2004,NULL,751,35),(538,'Libro',3,'Franny y Zooey',1998,NULL,568,46),(539,'Libro',3,'Franny y Zooey',1998,NULL,568,39),(540,'Libro',4,'Tierna id la noche',1998,NULL,483,8),(541,'Libro',5,'Orgullo y prejuicio',2017,NULL,835,40),(542,'Libro',5,'Orgullo y prejuicio',2017,NULL,835,6),(543,'Libro',5,'Orgullo y prejuicio',2017,NULL,835,2),(544,'Libro',6,'El gran Gatsby',2020,NULL,793,44),(545,'Libro',6,'El gran Gatsby',2020,NULL,793,10),(546,'Libro',6,'El gran Gatsby',2020,NULL,793,17),(547,'Libro',6,'El gran Gatsby',2020,NULL,793,3),(548,'Pelicula',8,'1917',2020,NULL,123,14),(549,'Pelicula',9,'Jojo Rabbit',2020,NULL,146,10),(550,'Pelicula',10,'Bad Boys for Life',2020,NULL,98,7),(551,'Pelicula',10,'Aves de presa',2020,NULL,101,7),(552,'Pelicula',11,'Sonic, la película',2020,NULL,121,11),(553,'Pelicula',12,'Bloodshot',2020,NULL,117,49),(554,'Pelicula',13,'El hombre invisible',2020,NULL,98,40),(555,'Pelicula',14,'The Gentlemen: Los señores de la mafia',2020,NULL,87,46),(556,'Pelicula',15,'Onward',2020,NULL,111,42),(557,'Pelicula',16,'Un lugar tranquilo: Parte 2',2020,NULL,107,18),(558,'Pelicula',17,'Mulan',2020,NULL,131,15),(559,'Libro',1,'Harry Potter',1991,NULL,454,35),(560,'Libro',1,'Harry Potter',1991,NULL,454,16),(561,'Libro',2,'El Guardian en el centeno',1999,NULL,390,12),(562,'Libro',2,'El Guardian en el centeno',1999,NULL,390,13),(563,'Libro',2,'Nueve historias',2004,NULL,751,37),(564,'Libro',2,'Nueve historias',2004,NULL,751,39),(565,'Libro',3,'Franny y Zooey',1998,NULL,568,15),(566,'Libro',3,'Franny y Zooey',1998,NULL,568,8),(567,'Libro',4,'Tierna id la noche',1998,NULL,483,47),(568,'Libro',5,'Orgullo y prejuicio',2017,NULL,835,6),(569,'Libro',5,'Orgullo y prejuicio',2017,NULL,835,43),(570,'Libro',5,'Orgullo y prejuicio',2017,NULL,835,41),(571,'Libro',6,'El gran Gatsby',2020,NULL,793,47),(572,'Libro',6,'El gran Gatsby',2020,NULL,793,11),(573,'Libro',6,'El gran Gatsby',2020,NULL,793,38),(574,'Libro',6,'El gran Gatsby',2020,NULL,793,35),(575,'Pelicula',8,'1917',2020,NULL,123,50),(576,'Pelicula',9,'Jojo Rabbit',2020,NULL,146,46),(577,'Pelicula',10,'Bad Boys for Life',2020,NULL,98,47),(578,'Pelicula',10,'Aves de presa',2020,NULL,101,40),(579,'Pelicula',11,'Sonic, la película',2020,NULL,121,37),(580,'Pelicula',12,'Bloodshot',2020,NULL,117,46),(581,'Pelicula',13,'El hombre invisible',2020,NULL,98,8),(582,'Pelicula',14,'The Gentlemen: Los señores de la mafia',2020,NULL,87,4),(583,'Pelicula',15,'Onward',2020,NULL,111,47),(584,'Pelicula',16,'Un lugar tranquilo: Parte 2',2020,NULL,107,16),(585,'Pelicula',17,'Mulan',2020,NULL,131,41),(586,'Libro',1,'Harry Potter',1991,NULL,454,3),(587,'Libro',1,'Harry Potter',1991,NULL,454,44),(588,'Libro',2,'El Guardian en el centeno',1999,NULL,390,7),(589,'Libro',2,'El Guardian en el centeno',1999,NULL,390,7),(590,'Libro',2,'Nueve historias',2004,NULL,751,11),(591,'Libro',2,'Nueve historias',2004,NULL,751,45),(592,'Libro',3,'Franny y Zooey',1998,NULL,568,44),(593,'Libro',3,'Franny y Zooey',1998,NULL,568,6),(594,'Libro',4,'Tierna id la noche',1998,NULL,483,38),(595,'Libro',5,'Orgullo y prejuicio',2017,NULL,835,19),(596,'Libro',5,'Orgullo y prejuicio',2017,NULL,835,35),(597,'Libro',5,'Orgullo y prejuicio',2017,NULL,835,45),(598,'Libro',6,'El gran Gatsby',2020,NULL,793,40),(599,'Libro',6,'El gran Gatsby',2020,NULL,793,11),(600,'Libro',6,'El gran Gatsby',2020,NULL,793,20),(601,'Libro',6,'El gran Gatsby',2020,NULL,793,12),(602,'Pelicula',8,'1917',2020,NULL,123,1),(603,'Pelicula',9,'Jojo Rabbit',2020,NULL,146,44),(604,'Pelicula',10,'Bad Boys for Life',2020,NULL,98,1),(605,'Pelicula',10,'Aves de presa',2020,NULL,101,41),(606,'Pelicula',11,'Sonic, la película',2020,NULL,121,47),(607,'Pelicula',12,'Bloodshot',2020,NULL,117,11),(608,'Pelicula',13,'El hombre invisible',2020,NULL,98,17),(609,'Pelicula',14,'The Gentlemen: Los señores de la mafia',2020,NULL,87,1),(610,'Pelicula',15,'Onward',2020,NULL,111,3),(611,'Pelicula',16,'Un lugar tranquilo: Parte 2',2020,NULL,107,13),(612,'Pelicula',17,'Mulan',2020,NULL,131,4),(613,'Libro',1,'Harry Potter',1991,NULL,454,49),(614,'Libro',1,'Harry Potter',1991,NULL,454,45),(615,'Libro',2,'El Guardian en el centeno',1999,NULL,390,45),(616,'Libro',2,'El Guardian en el centeno',1999,NULL,390,39),(617,'Libro',2,'Nueve historias',2004,NULL,751,20),(618,'Libro',2,'Nueve historias',2004,NULL,751,35),(619,'Libro',3,'Franny y Zooey',1998,NULL,568,11),(620,'Libro',3,'Franny y Zooey',1998,NULL,568,1),(621,'Libro',4,'Tierna id la noche',1998,NULL,483,44),(622,'Libro',5,'Orgullo y prejuicio',2017,NULL,835,8),(623,'Libro',5,'Orgullo y prejuicio',2017,NULL,835,51),(624,'Libro',5,'Orgullo y prejuicio',2017,NULL,835,40),(625,'Libro',6,'El gran Gatsby',2020,NULL,793,35),(626,'Libro',6,'El gran Gatsby',2020,NULL,793,41),(627,'Libro',6,'El gran Gatsby',2020,NULL,793,44),(628,'Libro',6,'El gran Gatsby',2020,NULL,793,39),(629,'Pelicula',8,'1917',2020,NULL,123,9),(630,'Pelicula',9,'Jojo Rabbit',2020,NULL,146,46),(631,'Pelicula',10,'Bad Boys for Life',2020,NULL,98,39),(632,'Pelicula',10,'Aves de presa',2020,NULL,101,38),(633,'Pelicula',11,'Sonic, la película',2020,NULL,121,1),(634,'Pelicula',12,'Bloodshot',2020,NULL,117,41),(635,'Pelicula',13,'El hombre invisible',2020,NULL,98,51),(636,'Pelicula',14,'The Gentlemen: Los señores de la mafia',2020,NULL,87,10),(637,'Pelicula',15,'Onward',2020,NULL,111,49),(638,'Pelicula',16,'Un lugar tranquilo: Parte 2',2020,NULL,107,11),(639,'Pelicula',17,'Mulan',2020,NULL,131,8),(640,'Libro',1,'Harry Potter',1991,NULL,454,6),(641,'Libro',1,'Harry Potter',1991,NULL,454,5),(642,'Libro',2,'El Guardian en el centeno',1999,NULL,390,8),(643,'Libro',2,'El Guardian en el centeno',1999,NULL,390,39),(644,'Libro',2,'Nueve historias',2004,NULL,751,37),(645,'Libro',2,'Nueve historias',2004,NULL,751,16),(646,'Libro',3,'Franny y Zooey',1998,NULL,568,17),(647,'Libro',3,'Franny y Zooey',1998,NULL,568,40),(648,'Libro',4,'Tierna id la noche',1998,NULL,483,45),(649,'Libro',5,'Orgullo y prejuicio',2017,NULL,835,1),(650,'Libro',5,'Orgullo y prejuicio',2017,NULL,835,37),(651,'Libro',5,'Orgullo y prejuicio',2017,NULL,835,6),(652,'Libro',6,'El gran Gatsby',2020,NULL,793,16),(653,'Libro',6,'El gran Gatsby',2020,NULL,793,8),(654,'Libro',6,'El gran Gatsby',2020,NULL,793,45),(655,'Libro',6,'El gran Gatsby',2020,NULL,793,45),(656,'Pelicula',8,'1917',2020,NULL,123,41),(657,'Pelicula',9,'Jojo Rabbit',2020,NULL,146,18),(658,'Pelicula',10,'Bad Boys for Life',2020,NULL,98,17),(659,'Pelicula',10,'Aves de presa',2020,NULL,101,51),(660,'Pelicula',11,'Sonic, la película',2020,NULL,121,42),(661,'Pelicula',12,'Bloodshot',2020,NULL,117,42),(662,'Pelicula',13,'El hombre invisible',2020,NULL,98,41),(663,'Pelicula',14,'The Gentlemen: Los señores de la mafia',2020,NULL,87,40),(664,'Pelicula',15,'Onward',2020,NULL,111,40),(665,'Pelicula',16,'Un lugar tranquilo: Parte 2',2020,NULL,107,13),(666,'Pelicula',17,'Mulan',2020,NULL,131,45),(667,'Libro',1,'Harry Potter',1991,NULL,454,37),(668,'Libro',1,'Harry Potter',1991,NULL,454,2),(669,'Libro',2,'El Guardian en el centeno',1999,NULL,390,38),(670,'Libro',2,'El Guardian en el centeno',1999,NULL,390,51),(671,'Libro',2,'Nueve historias',2004,NULL,751,41),(672,'Libro',2,'Nueve historias',2004,NULL,751,8),(673,'Libro',3,'Franny y Zooey',1998,NULL,568,18),(674,'Libro',3,'Franny y Zooey',1998,NULL,568,17),(675,'Libro',4,'Tierna id la noche',1998,NULL,483,40),(676,'Libro',5,'Orgullo y prejuicio',2017,NULL,835,49),(677,'Libro',5,'Orgullo y prejuicio',2017,NULL,835,50),(678,'Libro',5,'Orgullo y prejuicio',2017,NULL,835,3),(679,'Libro',6,'El gran Gatsby',2020,NULL,793,17),(680,'Libro',6,'El gran Gatsby',2020,NULL,793,47),(681,'Libro',6,'El gran Gatsby',2020,NULL,793,15),(682,'Libro',6,'El gran Gatsby',2020,NULL,793,3),(683,'Pelicula',8,'1917',2020,NULL,123,48),(684,'Pelicula',9,'Jojo Rabbit',2020,NULL,146,47),(685,'Pelicula',10,'Bad Boys for Life',2020,NULL,98,18),(686,'Pelicula',10,'Aves de presa',2020,NULL,101,1),(687,'Pelicula',11,'Sonic, la película',2020,NULL,121,49),(688,'Pelicula',12,'Bloodshot',2020,NULL,117,40),(689,'Pelicula',13,'El hombre invisible',2020,NULL,98,50),(690,'Pelicula',14,'The Gentlemen: Los señores de la mafia',2020,NULL,87,47),(691,'Pelicula',15,'Onward',2020,NULL,111,45),(692,'Pelicula',16,'Un lugar tranquilo: Parte 2',2020,NULL,107,37),(693,'Pelicula',17,'Mulan',2020,NULL,131,47),(694,'Libro',1,'Harry Potter',1991,NULL,454,40),(695,'Libro',1,'Harry Potter',1991,NULL,454,39),(696,'Libro',2,'El Guardian en el centeno',1999,NULL,390,41),(697,'Libro',2,'El Guardian en el centeno',1999,NULL,390,35),(698,'Libro',2,'Nueve historias',2004,NULL,751,3),(699,'Libro',2,'Nueve historias',2004,NULL,751,10),(700,'Libro',3,'Franny y Zooey',1998,NULL,568,40),(701,'Libro',3,'Franny y Zooey',1998,NULL,568,17),(702,'Libro',4,'Tierna id la noche',1998,NULL,483,16),(703,'Libro',5,'Orgullo y prejuicio',2017,NULL,835,42),(704,'Libro',5,'Orgullo y prejuicio',2017,NULL,835,40),(705,'Libro',5,'Orgullo y prejuicio',2017,NULL,835,36),(706,'Libro',6,'El gran Gatsby',2020,NULL,793,39),(707,'Libro',6,'El gran Gatsby',2020,NULL,793,41),(708,'Libro',6,'El gran Gatsby',2020,NULL,793,1),(709,'Libro',6,'El gran Gatsby',2020,NULL,793,35),(710,'Pelicula',8,'1917',2020,NULL,123,37),(711,'Pelicula',9,'Jojo Rabbit',2020,NULL,146,44),(712,'Pelicula',10,'Bad Boys for Life',2020,NULL,98,16),(713,'Pelicula',10,'Aves de presa',2020,NULL,101,13),(714,'Pelicula',11,'Sonic, la película',2020,NULL,121,16),(715,'Pelicula',12,'Bloodshot',2020,NULL,117,40),(716,'Pelicula',13,'El hombre invisible',2020,NULL,98,48),(717,'Pelicula',14,'The Gentlemen: Los señores de la mafia',2020,NULL,87,39),(718,'Pelicula',15,'Onward',2020,NULL,111,9),(719,'Pelicula',16,'Un lugar tranquilo: Parte 2',2020,NULL,107,47),(720,'Pelicula',17,'Mulan',2020,NULL,131,40),(721,'Libro',1,'Harry Potter',1991,NULL,454,48),(722,'Libro',1,'Harry Potter',1991,NULL,454,16),(723,'Libro',2,'El Guardian en el centeno',1999,NULL,390,39),(724,'Libro',2,'El Guardian en el centeno',1999,NULL,390,42),(725,'Libro',2,'Nueve historias',2004,NULL,751,42),(726,'Libro',2,'Nueve historias',2004,NULL,751,51),(727,'Libro',3,'Franny y Zooey',1998,NULL,568,37),(728,'Libro',3,'Franny y Zooey',1998,NULL,568,36),(729,'Libro',4,'Tierna id la noche',1998,NULL,483,15),(730,'Libro',5,'Orgullo y prejuicio',2017,NULL,835,20),(731,'Libro',5,'Orgullo y prejuicio',2017,NULL,835,2),(732,'Libro',5,'Orgullo y prejuicio',2017,NULL,835,50),(733,'Libro',6,'El gran Gatsby',2020,NULL,793,41),(734,'Libro',6,'El gran Gatsby',2020,NULL,793,2),(735,'Libro',6,'El gran Gatsby',2020,NULL,793,41),(736,'Libro',6,'El gran Gatsby',2020,NULL,793,45),(737,'Pelicula',8,'1917',2020,NULL,123,51),(738,'Pelicula',9,'Jojo Rabbit',2020,NULL,146,16),(739,'Pelicula',10,'Bad Boys for Life',2020,NULL,98,43),(740,'Pelicula',10,'Aves de presa',2020,NULL,101,39),(741,'Pelicula',11,'Sonic, la película',2020,NULL,121,11),(742,'Pelicula',12,'Bloodshot',2020,NULL,117,40),(743,'Pelicula',13,'El hombre invisible',2020,NULL,98,12),(744,'Pelicula',14,'The Gentlemen: Los señores de la mafia',2020,NULL,87,42),(745,'Pelicula',15,'Onward',2020,NULL,111,19),(746,'Pelicula',16,'Un lugar tranquilo: Parte 2',2020,NULL,107,45),(747,'Pelicula',17,'Mulan',2020,NULL,131,47),(748,'Libro',1,'Harry Potter',1991,NULL,454,18),(749,'Libro',1,'Harry Potter',1991,NULL,454,1),(750,'Libro',2,'El Guardian en el centeno',1999,NULL,390,1),(751,'Libro',2,'El Guardian en el centeno',1999,NULL,390,50),(752,'Libro',2,'Nueve historias',2004,NULL,751,46),(753,'Libro',2,'Nueve historias',2004,NULL,751,44),(754,'Libro',3,'Franny y Zooey',1998,NULL,568,51),(755,'Libro',3,'Franny y Zooey',1998,NULL,568,18),(756,'Libro',4,'Tierna id la noche',1998,NULL,483,38),(757,'Libro',5,'Orgullo y prejuicio',2017,NULL,835,50),(758,'Libro',5,'Orgullo y prejuicio',2017,NULL,835,49),(759,'Libro',5,'Orgullo y prejuicio',2017,NULL,835,44),(760,'Libro',6,'El gran Gatsby',2020,NULL,793,48),(761,'Libro',6,'El gran Gatsby',2020,NULL,793,42),(762,'Libro',6,'El gran Gatsby',2020,NULL,793,40),(763,'Libro',6,'El gran Gatsby',2020,NULL,793,2),(764,'Pelicula',8,'1917',2020,NULL,123,44),(765,'Pelicula',9,'Jojo Rabbit',2020,NULL,146,7),(766,'Pelicula',10,'Bad Boys for Life',2020,NULL,98,7),(767,'Pelicula',10,'Aves de presa',2020,NULL,101,12),(768,'Pelicula',11,'Sonic, la película',2020,NULL,121,40),(769,'Pelicula',12,'Bloodshot',2020,NULL,117,9),(770,'Pelicula',13,'El hombre invisible',2020,NULL,98,48),(771,'Pelicula',14,'The Gentlemen: Los señores de la mafia',2020,NULL,87,5),(772,'Pelicula',15,'Onward',2020,NULL,111,45),(773,'Pelicula',16,'Un lugar tranquilo: Parte 2',2020,NULL,107,4),(774,'Pelicula',17,'Mulan',2020,NULL,131,40),(775,'Libro',1,'Harry Potter',1991,NULL,454,44),(776,'Libro',1,'Harry Potter',1991,NULL,454,40),(777,'Libro',2,'El Guardian en el centeno',1999,NULL,390,2),(778,'Libro',2,'El Guardian en el centeno',1999,NULL,390,41),(779,'Libro',2,'Nueve historias',2004,NULL,751,48),(780,'Libro',2,'Nueve historias',2004,NULL,751,12),(781,'Libro',3,'Franny y Zooey',1998,NULL,568,44),(782,'Libro',3,'Franny y Zooey',1998,NULL,568,14),(783,'Libro',4,'Tierna id la noche',1998,NULL,483,7),(784,'Libro',5,'Orgullo y prejuicio',2017,NULL,835,45),(785,'Libro',5,'Orgullo y prejuicio',2017,NULL,835,49),(786,'Libro',5,'Orgullo y prejuicio',2017,NULL,835,7),(787,'Libro',6,'El gran Gatsby',2020,NULL,793,41),(788,'Libro',6,'El gran Gatsby',2020,NULL,793,35),(789,'Libro',6,'El gran Gatsby',2020,NULL,793,44),(790,'Libro',6,'El gran Gatsby',2020,NULL,793,4),(791,'Pelicula',8,'1917',2020,NULL,123,35),(792,'Pelicula',9,'Jojo Rabbit',2020,NULL,146,9),(793,'Pelicula',10,'Bad Boys for Life',2020,NULL,98,41),(794,'Pelicula',10,'Aves de presa',2020,NULL,101,47),(795,'Pelicula',11,'Sonic, la película',2020,NULL,121,4),(796,'Pelicula',12,'Bloodshot',2020,NULL,117,45),(797,'Pelicula',13,'El hombre invisible',2020,NULL,98,9),(798,'Pelicula',14,'The Gentlemen: Los señores de la mafia',2020,NULL,87,12),(799,'Pelicula',15,'Onward',2020,NULL,111,50),(800,'Pelicula',16,'Un lugar tranquilo: Parte 2',2020,NULL,107,42),(801,'Pelicula',17,'Mulan',2020,NULL,131,42),(802,'Libro',1,'Harry Potter',1991,NULL,454,3),(803,'Libro',1,'Harry Potter',1991,NULL,454,40),(804,'Libro',2,'El Guardian en el centeno',1999,NULL,390,38),(805,'Libro',2,'El Guardian en el centeno',1999,NULL,390,19),(806,'Libro',2,'Nueve historias',2004,NULL,751,49),(807,'Libro',2,'Nueve historias',2004,NULL,751,50),(808,'Libro',3,'Franny y Zooey',1998,NULL,568,51),(809,'Libro',3,'Franny y Zooey',1998,NULL,568,3),(810,'Libro',4,'Tierna id la noche',1998,NULL,483,13),(811,'Libro',5,'Orgullo y prejuicio',2017,NULL,835,4),(812,'Libro',5,'Orgullo y prejuicio',2017,NULL,835,35),(813,'Libro',5,'Orgullo y prejuicio',2017,NULL,835,49),(814,'Libro',6,'El gran Gatsby',2020,NULL,793,44),(815,'Libro',6,'El gran Gatsby',2020,NULL,793,20),(816,'Libro',6,'El gran Gatsby',2020,NULL,793,19),(817,'Libro',6,'El gran Gatsby',2020,NULL,793,35),(818,'Pelicula',8,'1917',2020,NULL,123,17),(819,'Pelicula',9,'Jojo Rabbit',2020,NULL,146,44),(820,'Pelicula',10,'Bad Boys for Life',2020,NULL,98,49),(821,'Pelicula',10,'Aves de presa',2020,NULL,101,1),(822,'Pelicula',11,'Sonic, la película',2020,NULL,121,9),(823,'Pelicula',12,'Bloodshot',2020,NULL,117,41),(824,'Pelicula',13,'El hombre invisible',2020,NULL,98,45),(825,'Pelicula',14,'The Gentlemen: Los señores de la mafia',2020,NULL,87,3),(826,'Pelicula',15,'Onward',2020,NULL,111,43),(827,'Pelicula',16,'Un lugar tranquilo: Parte 2',2020,NULL,107,49),(828,'Pelicula',17,'Mulan',2020,NULL,131,16),(829,'Libro',1,'Harry Potter',1991,NULL,454,43),(830,'Libro',1,'Harry Potter',1991,NULL,454,14),(831,'Libro',2,'El Guardian en el centeno',1999,NULL,390,46),(832,'Libro',2,'El Guardian en el centeno',1999,NULL,390,15),(833,'Libro',2,'Nueve historias',2004,NULL,751,9),(834,'Libro',2,'Nueve historias',2004,NULL,751,50),(835,'Libro',3,'Franny y Zooey',1998,NULL,568,18),(836,'Libro',3,'Franny y Zooey',1998,NULL,568,41),(837,'Libro',4,'Tierna id la noche',1998,NULL,483,48),(838,'Libro',5,'Orgullo y prejuicio',2017,NULL,835,15),(839,'Libro',5,'Orgullo y prejuicio',2017,NULL,835,48),(840,'Libro',5,'Orgullo y prejuicio',2017,NULL,835,12),(841,'Libro',6,'El gran Gatsby',2020,NULL,793,13),(842,'Libro',6,'El gran Gatsby',2020,NULL,793,36),(843,'Libro',6,'El gran Gatsby',2020,NULL,793,11),(844,'Libro',6,'El gran Gatsby',2020,NULL,793,15),(845,'Pelicula',8,'1917',2020,NULL,123,43),(846,'Pelicula',9,'Jojo Rabbit',2020,NULL,146,13),(847,'Pelicula',10,'Bad Boys for Life',2020,NULL,98,40),(848,'Pelicula',10,'Aves de presa',2020,NULL,101,8),(849,'Pelicula',11,'Sonic, la película',2020,NULL,121,49),(850,'Pelicula',12,'Bloodshot',2020,NULL,117,36),(851,'Pelicula',13,'El hombre invisible',2020,NULL,98,10),(852,'Pelicula',14,'The Gentlemen: Los señores de la mafia',2020,NULL,87,42),(853,'Pelicula',15,'Onward',2020,NULL,111,38),(854,'Pelicula',16,'Un lugar tranquilo: Parte 2',2020,NULL,107,9),(855,'Pelicula',17,'Mulan',2020,NULL,131,14),(856,'Libro',1,'Harry Potter',1991,NULL,454,42),(857,'Libro',1,'Harry Potter',1991,NULL,454,15),(858,'Libro',2,'El Guardian en el centeno',1999,NULL,390,49),(859,'Libro',2,'El Guardian en el centeno',1999,NULL,390,48),(860,'Libro',2,'Nueve historias',2004,NULL,751,41),(861,'Libro',2,'Nueve historias',2004,NULL,751,11),(862,'Libro',3,'Franny y Zooey',1998,NULL,568,39),(863,'Libro',3,'Franny y Zooey',1998,NULL,568,20),(864,'Libro',4,'Tierna id la noche',1998,NULL,483,6),(865,'Libro',5,'Orgullo y prejuicio',2017,NULL,835,49),(866,'Libro',5,'Orgullo y prejuicio',2017,NULL,835,42),(867,'Libro',5,'Orgullo y prejuicio',2017,NULL,835,6),(868,'Libro',6,'El gran Gatsby',2020,NULL,793,47),(869,'Libro',6,'El gran Gatsby',2020,NULL,793,41),(870,'Libro',6,'El gran Gatsby',2020,NULL,793,40),(871,'Libro',6,'El gran Gatsby',2020,NULL,793,45),(872,'Pelicula',8,'1917',2020,NULL,123,35),(873,'Pelicula',9,'Jojo Rabbit',2020,NULL,146,11),(874,'Pelicula',10,'Bad Boys for Life',2020,NULL,98,1),(875,'Pelicula',10,'Aves de presa',2020,NULL,101,20),(876,'Pelicula',11,'Sonic, la película',2020,NULL,121,47),(877,'Pelicula',12,'Bloodshot',2020,NULL,117,20),(878,'Pelicula',13,'El hombre invisible',2020,NULL,98,9),(879,'Pelicula',14,'The Gentlemen: Los señores de la mafia',2020,NULL,87,35),(880,'Pelicula',15,'Onward',2020,NULL,111,47),(881,'Pelicula',16,'Un lugar tranquilo: Parte 2',2020,NULL,107,51),(882,'Pelicula',17,'Mulan',2020,NULL,131,50),(883,'Libro',1,'Harry Potter',1991,NULL,454,12),(884,'Libro',1,'Harry Potter',1991,NULL,454,9),(885,'Libro',2,'El Guardian en el centeno',1999,NULL,390,12),(886,'Libro',2,'El Guardian en el centeno',1999,NULL,390,50),(887,'Libro',2,'Nueve historias',2004,NULL,751,20),(888,'Libro',2,'Nueve historias',2004,NULL,751,3),(889,'Libro',3,'Franny y Zooey',1998,NULL,568,5),(890,'Libro',3,'Franny y Zooey',1998,NULL,568,14),(891,'Libro',4,'Tierna id la noche',1998,NULL,483,7),(892,'Libro',5,'Orgullo y prejuicio',2017,NULL,835,43),(893,'Libro',5,'Orgullo y prejuicio',2017,NULL,835,41),(894,'Libro',5,'Orgullo y prejuicio',2017,NULL,835,48),(895,'Libro',6,'El gran Gatsby',2020,NULL,793,39),(896,'Libro',6,'El gran Gatsby',2020,NULL,793,37),(897,'Libro',6,'El gran Gatsby',2020,NULL,793,7),(898,'Libro',6,'El gran Gatsby',2020,NULL,793,12),(899,'Pelicula',8,'1917',2020,NULL,123,40),(900,'Pelicula',9,'Jojo Rabbit',2020,NULL,146,10),(901,'Pelicula',10,'Bad Boys for Life',2020,NULL,98,39),(902,'Pelicula',10,'Aves de presa',2020,NULL,101,20),(903,'Pelicula',11,'Sonic, la película',2020,NULL,121,9),(904,'Pelicula',12,'Bloodshot',2020,NULL,117,36),(905,'Pelicula',13,'El hombre invisible',2020,NULL,98,1),(906,'Pelicula',14,'The Gentlemen: Los señores de la mafia',2020,NULL,87,47),(907,'Pelicula',15,'Onward',2020,NULL,111,36),(908,'Pelicula',16,'Un lugar tranquilo: Parte 2',2020,NULL,107,1),(909,'Pelicula',17,'Mulan',2020,NULL,131,20),(910,'Libro',1,'Harry Potter',1991,NULL,454,48),(911,'Libro',1,'Harry Potter',1991,NULL,454,43),(912,'Libro',2,'El Guardian en el centeno',1999,NULL,390,39),(913,'Libro',2,'El Guardian en el centeno',1999,NULL,390,3),(914,'Libro',2,'Nueve historias',2004,NULL,751,43),(915,'Libro',2,'Nueve historias',2004,NULL,751,1),(916,'Libro',3,'Franny y Zooey',1998,NULL,568,47),(917,'Libro',3,'Franny y Zooey',1998,NULL,568,49),(918,'Libro',4,'Tierna id la noche',1998,NULL,483,7),(919,'Libro',5,'Orgullo y prejuicio',2017,NULL,835,2),(920,'Libro',5,'Orgullo y prejuicio',2017,NULL,835,41),(921,'Libro',5,'Orgullo y prejuicio',2017,NULL,835,46),(922,'Libro',6,'El gran Gatsby',2020,NULL,793,6),(923,'Libro',6,'El gran Gatsby',2020,NULL,793,42),(924,'Libro',6,'El gran Gatsby',2020,NULL,793,40),(925,'Libro',6,'El gran Gatsby',2020,NULL,793,35),(926,'Pelicula',8,'1917',2020,NULL,123,40),(927,'Pelicula',9,'Jojo Rabbit',2020,NULL,146,45),(928,'Pelicula',10,'Bad Boys for Life',2020,NULL,98,47),(929,'Pelicula',10,'Aves de presa',2020,NULL,101,36),(930,'Pelicula',11,'Sonic, la película',2020,NULL,121,15),(931,'Pelicula',12,'Bloodshot',2020,NULL,117,43),(932,'Pelicula',13,'El hombre invisible',2020,NULL,98,2),(933,'Pelicula',14,'The Gentlemen: Los señores de la mafia',2020,NULL,87,39),(934,'Pelicula',15,'Onward',2020,NULL,111,50),(935,'Pelicula',16,'Un lugar tranquilo: Parte 2',2020,NULL,107,47),(936,'Pelicula',17,'Mulan',2020,NULL,131,5),(937,'Libro',1,'Harry Potter',1991,NULL,454,36),(938,'Libro',1,'Harry Potter',1991,NULL,454,51),(939,'Libro',2,'El Guardian en el centeno',1999,NULL,390,50),(940,'Libro',2,'El Guardian en el centeno',1999,NULL,390,46),(941,'Libro',2,'Nueve historias',2004,NULL,751,35),(942,'Libro',2,'Nueve historias',2004,NULL,751,10),(943,'Libro',3,'Franny y Zooey',1998,NULL,568,13),(944,'Libro',3,'Franny y Zooey',1998,NULL,568,35),(945,'Libro',4,'Tierna id la noche',1998,NULL,483,36),(946,'Libro',5,'Orgullo y prejuicio',2017,NULL,835,19),(947,'Libro',5,'Orgullo y prejuicio',2017,NULL,835,39),(948,'Libro',5,'Orgullo y prejuicio',2017,NULL,835,6),(949,'Libro',6,'El gran Gatsby',2020,NULL,793,11),(950,'Libro',6,'El gran Gatsby',2020,NULL,793,38),(951,'Libro',6,'El gran Gatsby',2020,NULL,793,2),(952,'Libro',6,'El gran Gatsby',2020,NULL,793,49),(953,'Pelicula',8,'1917',2020,NULL,123,36),(954,'Pelicula',9,'Jojo Rabbit',2020,NULL,146,51),(955,'Pelicula',10,'Bad Boys for Life',2020,NULL,98,45),(956,'Pelicula',10,'Aves de presa',2020,NULL,101,39),(957,'Pelicula',11,'Sonic, la película',2020,NULL,121,15),(958,'Pelicula',12,'Bloodshot',2020,NULL,117,35),(959,'Pelicula',13,'El hombre invisible',2020,NULL,98,38),(960,'Pelicula',14,'The Gentlemen: Los señores de la mafia',2020,NULL,87,41),(961,'Pelicula',15,'Onward',2020,NULL,111,17),(962,'Pelicula',16,'Un lugar tranquilo: Parte 2',2020,NULL,107,46),(963,'Pelicula',17,'Mulan',2020,NULL,131,37),(1043,'Libro',1,'Harry Potter',1991,NULL,454,48),(1044,'Libro',1,'Harry Potter',1991,NULL,454,4),(1045,'Libro',2,'El Guardian en el centeno',1999,NULL,390,46),(1046,'Libro',2,'El Guardian en el centeno',1999,NULL,390,49),(1047,'Libro',2,'Nueve historias',2004,NULL,751,16),(1048,'Libro',2,'Nueve historias',2004,NULL,751,39),(1049,'Libro',3,'Franny y Zooey',1998,NULL,568,42),(1050,'Libro',3,'Franny y Zooey',1998,NULL,568,41),(1051,'Libro',4,'Tierna id la noche',1998,NULL,483,38),(1052,'Libro',5,'Orgullo y prejuicio',2017,NULL,835,42),(1053,'Libro',5,'Orgullo y prejuicio',2017,NULL,835,43),(1054,'Libro',5,'Orgullo y prejuicio',2017,NULL,835,46),(1055,'Libro',6,'El gran Gatsby',2020,NULL,793,35),(1056,'Libro',6,'El gran Gatsby',2020,NULL,793,2),(1057,'Libro',6,'El gran Gatsby',2020,NULL,793,36),(1058,'Libro',6,'El gran Gatsby',2020,NULL,793,3),(1059,'Pelicula',8,'1917',2020,NULL,123,50),(1060,'Pelicula',9,'Jojo Rabbit',2020,NULL,146,42),(1061,'Pelicula',10,'Bad Boys for Life',2020,NULL,98,51),(1062,'Pelicula',10,'Aves de presa',2020,NULL,101,7),(1063,'Pelicula',11,'Sonic, la película',2020,NULL,121,17),(1064,'Pelicula',12,'Bloodshot',2020,NULL,117,16),(1065,'Pelicula',13,'El hombre invisible',2020,NULL,98,43),(1066,'Pelicula',14,'The Gentlemen: Los señores de la mafia',2020,NULL,87,35),(1067,'Pelicula',15,'Onward',2020,NULL,111,44),(1068,'Pelicula',16,'Un lugar tranquilo: Parte 2',2020,NULL,107,12),(1069,'Pelicula',17,'Mulan',2020,NULL,131,44),(1070,'Libro',1,'Harry Potter',1991,NULL,454,9),(1071,'Libro',1,'Harry Potter',1991,NULL,454,6),(1072,'Libro',2,'El Guardian en el centeno',1999,NULL,390,5),(1073,'Libro',2,'El Guardian en el centeno',1999,NULL,390,5),(1074,'Libro',2,'Nueve historias',2004,NULL,751,11),(1075,'Libro',2,'Nueve historias',2004,NULL,751,39),(1076,'Libro',3,'Franny y Zooey',1998,NULL,568,8),(1077,'Libro',3,'Franny y Zooey',1998,NULL,568,40),(1078,'Libro',4,'Tierna id la noche',1998,NULL,483,50),(1079,'Libro',5,'Orgullo y prejuicio',2017,NULL,835,50),(1080,'Libro',5,'Orgullo y prejuicio',2017,NULL,835,6),(1081,'Libro',5,'Orgullo y prejuicio',2017,NULL,835,19),(1082,'Libro',6,'El gran Gatsby',2020,NULL,793,46),(1083,'Libro',6,'El gran Gatsby',2020,NULL,793,8),(1084,'Libro',6,'El gran Gatsby',2020,NULL,793,43),(1085,'Libro',6,'El gran Gatsby',2020,NULL,793,37),(1086,'Pelicula',8,'1917',2020,NULL,123,15),(1087,'Pelicula',9,'Jojo Rabbit',2020,NULL,146,16),(1088,'Pelicula',10,'Bad Boys for Life',2020,NULL,98,45),(1089,'Pelicula',10,'Aves de presa',2020,NULL,101,16),(1090,'Pelicula',11,'Sonic, la película',2020,NULL,121,43),(1091,'Pelicula',12,'Bloodshot',2020,NULL,117,8),(1092,'Pelicula',13,'El hombre invisible',2020,NULL,98,44),(1093,'Pelicula',14,'The Gentlemen: Los señores de la mafia',2020,NULL,87,43),(1094,'Pelicula',15,'Onward',2020,NULL,111,44),(1095,'Pelicula',16,'Un lugar tranquilo: Parte 2',2020,NULL,107,40),(1096,'Pelicula',17,'Mulan',2020,NULL,131,44),(1097,'Libro',1,'Harry Potter',1991,NULL,454,50),(1098,'Libro',1,'Harry Potter',1991,NULL,454,15),(1099,'Libro',2,'El Guardian en el centeno',1999,NULL,390,40),(1100,'Libro',2,'El Guardian en el centeno',1999,NULL,390,39),(1101,'Libro',2,'Nueve historias',2004,NULL,751,11),(1102,'Libro',2,'Nueve historias',2004,NULL,751,41),(1103,'Libro',3,'Franny y Zooey',1998,NULL,568,16),(1104,'Libro',3,'Franny y Zooey',1998,NULL,568,8),(1105,'Libro',4,'Tierna id la noche',1998,NULL,483,41),(1106,'Libro',5,'Orgullo y prejuicio',2017,NULL,835,51),(1107,'Libro',5,'Orgullo y prejuicio',2017,NULL,835,20),(1108,'Libro',5,'Orgullo y prejuicio',2017,NULL,835,15),(1109,'Libro',6,'El gran Gatsby',2020,NULL,793,15),(1110,'Libro',6,'El gran Gatsby',2020,NULL,793,51),(1111,'Libro',6,'El gran Gatsby',2020,NULL,793,37),(1112,'Libro',6,'El gran Gatsby',2020,NULL,793,4),(1113,'Pelicula',8,'1917',2020,NULL,123,12),(1114,'Pelicula',9,'Jojo Rabbit',2020,NULL,146,44),(1115,'Pelicula',10,'Bad Boys for Life',2020,NULL,98,47),(1116,'Pelicula',10,'Aves de presa',2020,NULL,101,36),(1117,'Pelicula',11,'Sonic, la película',2020,NULL,121,51),(1118,'Pelicula',12,'Bloodshot',2020,NULL,117,46),(1119,'Pelicula',13,'El hombre invisible',2020,NULL,98,35),(1120,'Pelicula',14,'The Gentlemen: Los señores de la mafia',2020,NULL,87,3),(1121,'Pelicula',15,'Onward',2020,NULL,111,12),(1122,'Pelicula',16,'Un lugar tranquilo: Parte 2',2020,NULL,107,49),(1123,'Pelicula',17,'Mulan',2020,NULL,131,7),(1124,'Libro',1,'Harry Potter',1991,NULL,454,38),(1125,'Libro',1,'Harry Potter',1991,NULL,454,17),(1126,'Libro',2,'El Guardian en el centeno',1999,NULL,390,20),(1127,'Libro',2,'El Guardian en el centeno',1999,NULL,390,49),(1128,'Libro',2,'Nueve historias',2004,NULL,751,40),(1129,'Libro',2,'Nueve historias',2004,NULL,751,11),(1130,'Libro',3,'Franny y Zooey',1998,NULL,568,8),(1131,'Libro',3,'Franny y Zooey',1998,NULL,568,10),(1132,'Libro',4,'Tierna id la noche',1998,NULL,483,44),(1133,'Libro',5,'Orgullo y prejuicio',2017,NULL,835,49),(1134,'Libro',5,'Orgullo y prejuicio',2017,NULL,835,47),(1135,'Libro',5,'Orgullo y prejuicio',2017,NULL,835,46),(1136,'Libro',6,'El gran Gatsby',2020,NULL,793,47),(1137,'Libro',6,'El gran Gatsby',2020,NULL,793,8),(1138,'Libro',6,'El gran Gatsby',2020,NULL,793,47),(1139,'Libro',6,'El gran Gatsby',2020,NULL,793,3),(1140,'Pelicula',8,'1917',2020,NULL,123,37),(1141,'Pelicula',9,'Jojo Rabbit',2020,NULL,146,41),(1142,'Pelicula',10,'Bad Boys for Life',2020,NULL,98,13),(1143,'Pelicula',10,'Aves de presa',2020,NULL,101,39),(1144,'Pelicula',11,'Sonic, la película',2020,NULL,121,3),(1145,'Pelicula',12,'Bloodshot',2020,NULL,117,49),(1146,'Pelicula',13,'El hombre invisible',2020,NULL,98,49),(1147,'Pelicula',14,'The Gentlemen: Los señores de la mafia',2020,NULL,87,18),(1148,'Pelicula',15,'Onward',2020,NULL,111,42),(1149,'Pelicula',16,'Un lugar tranquilo: Parte 2',2020,NULL,107,3),(1150,'Pelicula',17,'Mulan',2020,NULL,131,39),(1151,'Libro',1,'Harry Potter',1991,NULL,454,35),(1152,'Libro',1,'Harry Potter',1991,NULL,454,6),(1153,'Libro',2,'El Guardian en el centeno',1999,NULL,390,51),(1154,'Libro',2,'El Guardian en el centeno',1999,NULL,390,15),(1155,'Libro',2,'Nueve historias',2004,NULL,751,45),(1156,'Libro',2,'Nueve historias',2004,NULL,751,41),(1157,'Libro',3,'Franny y Zooey',1998,NULL,568,44),(1158,'Libro',3,'Franny y Zooey',1998,NULL,568,41),(1159,'Libro',4,'Tierna id la noche',1998,NULL,483,51),(1160,'Libro',5,'Orgullo y prejuicio',2017,NULL,835,46),(1161,'Libro',5,'Orgullo y prejuicio',2017,NULL,835,39),(1162,'Libro',5,'Orgullo y prejuicio',2017,NULL,835,1),(1163,'Libro',6,'El gran Gatsby',2020,NULL,793,42),(1164,'Libro',6,'El gran Gatsby',2020,NULL,793,3),(1165,'Libro',6,'El gran Gatsby',2020,NULL,793,40),(1166,'Libro',6,'El gran Gatsby',2020,NULL,793,36),(1167,'Pelicula',8,'1917',2020,NULL,123,11),(1168,'Pelicula',9,'Jojo Rabbit',2020,NULL,146,47),(1169,'Pelicula',10,'Bad Boys for Life',2020,NULL,98,48),(1170,'Pelicula',10,'Aves de presa',2020,NULL,101,48),(1171,'Pelicula',11,'Sonic, la película',2020,NULL,121,47),(1172,'Pelicula',12,'Bloodshot',2020,NULL,117,36),(1173,'Pelicula',13,'El hombre invisible',2020,NULL,98,40),(1174,'Pelicula',14,'The Gentlemen: Los señores de la mafia',2020,NULL,87,39),(1175,'Pelicula',15,'Onward',2020,NULL,111,42),(1176,'Pelicula',16,'Un lugar tranquilo: Parte 2',2020,NULL,107,1),(1177,'Pelicula',17,'Mulan',2020,NULL,131,36),(1178,'Libro',1,'Harry Potter',1991,NULL,454,36),(1179,'Libro',1,'Harry Potter',1991,NULL,454,15),(1180,'Libro',2,'El Guardian en el centeno',1999,NULL,390,1),(1181,'Libro',2,'El Guardian en el centeno',1999,NULL,390,8),(1182,'Libro',2,'Nueve historias',2004,NULL,751,36),(1183,'Libro',2,'Nueve historias',2004,NULL,751,4),(1184,'Libro',3,'Franny y Zooey',1998,NULL,568,12),(1185,'Libro',3,'Franny y Zooey',1998,NULL,568,50),(1186,'Libro',4,'Tierna id la noche',1998,NULL,483,8),(1187,'Libro',5,'Orgullo y prejuicio',2017,NULL,835,43),(1188,'Libro',5,'Orgullo y prejuicio',2017,NULL,835,38),(1189,'Libro',5,'Orgullo y prejuicio',2017,NULL,835,8),(1190,'Libro',6,'El gran Gatsby',2020,NULL,793,40),(1191,'Libro',6,'El gran Gatsby',2020,NULL,793,38),(1192,'Libro',6,'El gran Gatsby',2020,NULL,793,20),(1193,'Libro',6,'El gran Gatsby',2020,NULL,793,38),(1194,'Pelicula',8,'1917',2020,NULL,123,1),(1195,'Pelicula',9,'Jojo Rabbit',2020,NULL,146,10),(1196,'Pelicula',10,'Bad Boys for Life',2020,NULL,98,47),(1197,'Pelicula',10,'Aves de presa',2020,NULL,101,48),(1198,'Pelicula',11,'Sonic, la película',2020,NULL,121,51),(1199,'Pelicula',12,'Bloodshot',2020,NULL,117,7),(1200,'Pelicula',13,'El hombre invisible',2020,NULL,98,36),(1201,'Pelicula',14,'The Gentlemen: Los señores de la mafia',2020,NULL,87,5),(1202,'Pelicula',15,'Onward',2020,NULL,111,18),(1203,'Pelicula',16,'Un lugar tranquilo: Parte 2',2020,NULL,107,39),(1204,'Pelicula',17,'Mulan',2020,NULL,131,13),(1205,'Libro',1,'Harry Potter',1991,NULL,454,46),(1206,'Libro',1,'Harry Potter',1991,NULL,454,36),(1207,'Libro',2,'El Guardian en el centeno',1999,NULL,390,40),(1208,'Libro',2,'El Guardian en el centeno',1999,NULL,390,43),(1209,'Libro',2,'Nueve historias',2004,NULL,751,41),(1210,'Libro',2,'Nueve historias',2004,NULL,751,48),(1211,'Libro',3,'Franny y Zooey',1998,NULL,568,1),(1212,'Libro',3,'Franny y Zooey',1998,NULL,568,36),(1213,'Libro',4,'Tierna id la noche',1998,NULL,483,6),(1214,'Libro',5,'Orgullo y prejuicio',2017,NULL,835,35),(1215,'Libro',5,'Orgullo y prejuicio',2017,NULL,835,42),(1216,'Libro',5,'Orgullo y prejuicio',2017,NULL,835,9),(1217,'Libro',6,'El gran Gatsby',2020,NULL,793,50),(1218,'Libro',6,'El gran Gatsby',2020,NULL,793,38),(1219,'Libro',6,'El gran Gatsby',2020,NULL,793,19),(1220,'Libro',6,'El gran Gatsby',2020,NULL,793,41),(1221,'Pelicula',8,'1917',2020,NULL,123,35),(1222,'Pelicula',9,'Jojo Rabbit',2020,NULL,146,36),(1223,'Pelicula',10,'Bad Boys for Life',2020,NULL,98,37),(1224,'Pelicula',10,'Aves de presa',2020,NULL,101,48),(1225,'Pelicula',11,'Sonic, la película',2020,NULL,121,42),(1226,'Pelicula',12,'Bloodshot',2020,NULL,117,36),(1227,'Pelicula',13,'El hombre invisible',2020,NULL,98,50),(1228,'Pelicula',14,'The Gentlemen: Los señores de la mafia',2020,NULL,87,40),(1229,'Pelicula',15,'Onward',2020,NULL,111,1),(1230,'Pelicula',16,'Un lugar tranquilo: Parte 2',2020,NULL,107,35),(1231,'Pelicula',17,'Mulan',2020,NULL,131,18),(1232,'Libro',1,'Harry Potter',1991,NULL,454,40),(1233,'Libro',1,'Harry Potter',1991,NULL,454,17),(1234,'Libro',2,'El Guardian en el centeno',1999,NULL,390,40),(1235,'Libro',2,'El Guardian en el centeno',1999,NULL,390,6),(1236,'Libro',2,'Nueve historias',2004,NULL,751,35),(1237,'Libro',2,'Nueve historias',2004,NULL,751,5),(1238,'Libro',3,'Franny y Zooey',1998,NULL,568,19),(1239,'Libro',3,'Franny y Zooey',1998,NULL,568,45),(1240,'Libro',4,'Tierna id la noche',1998,NULL,483,45),(1241,'Libro',5,'Orgullo y prejuicio',2017,NULL,835,38),(1242,'Libro',5,'Orgullo y prejuicio',2017,NULL,835,14),(1243,'Libro',5,'Orgullo y prejuicio',2017,NULL,835,36),(1244,'Libro',6,'El gran Gatsby',2020,NULL,793,15),(1245,'Libro',6,'El gran Gatsby',2020,NULL,793,49),(1246,'Libro',6,'El gran Gatsby',2020,NULL,793,51),(1247,'Libro',6,'El gran Gatsby',2020,NULL,793,14),(1248,'Pelicula',8,'1917',2020,NULL,123,17),(1249,'Pelicula',9,'Jojo Rabbit',2020,NULL,146,42),(1250,'Pelicula',10,'Bad Boys for Life',2020,NULL,98,8),(1251,'Pelicula',10,'Aves de presa',2020,NULL,101,13),(1252,'Pelicula',11,'Sonic, la película',2020,NULL,121,40),(1253,'Pelicula',12,'Bloodshot',2020,NULL,117,7),(1254,'Pelicula',13,'El hombre invisible',2020,NULL,98,16),(1255,'Pelicula',14,'The Gentlemen: Los señores de la mafia',2020,NULL,87,11),(1256,'Pelicula',15,'Onward',2020,NULL,111,3),(1257,'Pelicula',16,'Un lugar tranquilo: Parte 2',2020,NULL,107,51),(1258,'Pelicula',17,'Mulan',2020,NULL,131,6),(1259,'Libro',1,'Harry Potter',1991,NULL,454,39),(1260,'Libro',1,'Harry Potter',1991,NULL,454,44),(1261,'Libro',2,'El Guardian en el centeno',1999,NULL,390,50),(1262,'Libro',2,'El Guardian en el centeno',1999,NULL,390,11),(1263,'Libro',2,'Nueve historias',2004,NULL,751,41),(1264,'Libro',2,'Nueve historias',2004,NULL,751,16),(1265,'Libro',3,'Franny y Zooey',1998,NULL,568,9),(1266,'Libro',3,'Franny y Zooey',1998,NULL,568,46),(1267,'Libro',4,'Tierna id la noche',1998,NULL,483,1),(1268,'Libro',5,'Orgullo y prejuicio',2017,NULL,835,18),(1269,'Libro',5,'Orgullo y prejuicio',2017,NULL,835,36),(1270,'Libro',5,'Orgullo y prejuicio',2017,NULL,835,50),(1271,'Libro',6,'El gran Gatsby',2020,NULL,793,9),(1272,'Libro',6,'El gran Gatsby',2020,NULL,793,48),(1273,'Libro',6,'El gran Gatsby',2020,NULL,793,3),(1274,'Libro',6,'El gran Gatsby',2020,NULL,793,35),(1275,'Pelicula',8,'1917',2020,NULL,123,15),(1276,'Pelicula',9,'Jojo Rabbit',2020,NULL,146,40),(1277,'Pelicula',10,'Bad Boys for Life',2020,NULL,98,5),(1278,'Pelicula',10,'Aves de presa',2020,NULL,101,15),(1279,'Pelicula',11,'Sonic, la película',2020,NULL,121,10),(1280,'Pelicula',12,'Bloodshot',2020,NULL,117,2),(1281,'Pelicula',13,'El hombre invisible',2020,NULL,98,39),(1282,'Pelicula',14,'The Gentlemen: Los señores de la mafia',2020,NULL,87,48),(1283,'Pelicula',15,'Onward',2020,NULL,111,42),(1284,'Pelicula',16,'Un lugar tranquilo: Parte 2',2020,NULL,107,17),(1285,'Pelicula',17,'Mulan',2020,NULL,131,9),(1286,'Libro',1,'Harry Potter',1991,NULL,454,43),(1287,'Libro',1,'Harry Potter',1991,NULL,454,37),(1288,'Libro',2,'El Guardian en el centeno',1999,NULL,390,3),(1289,'Libro',2,'El Guardian en el centeno',1999,NULL,390,7),(1290,'Libro',2,'Nueve historias',2004,NULL,751,41),(1291,'Libro',2,'Nueve historias',2004,NULL,751,44),(1292,'Libro',3,'Franny y Zooey',1998,NULL,568,49),(1293,'Libro',3,'Franny y Zooey',1998,NULL,568,9),(1294,'Libro',4,'Tierna id la noche',1998,NULL,483,2),(1295,'Libro',5,'Orgullo y prejuicio',2017,NULL,835,37),(1296,'Libro',5,'Orgullo y prejuicio',2017,NULL,835,3),(1297,'Libro',5,'Orgullo y prejuicio',2017,NULL,835,19),(1298,'Libro',6,'El gran Gatsby',2020,NULL,793,42),(1299,'Libro',6,'El gran Gatsby',2020,NULL,793,9),(1300,'Libro',6,'El gran Gatsby',2020,NULL,793,48),(1301,'Libro',6,'El gran Gatsby',2020,NULL,793,6),(1302,'Pelicula',8,'1917',2020,NULL,123,38),(1303,'Pelicula',9,'Jojo Rabbit',2020,NULL,146,19),(1304,'Pelicula',10,'Bad Boys for Life',2020,NULL,98,49),(1305,'Pelicula',10,'Aves de presa',2020,NULL,101,3),(1306,'Pelicula',11,'Sonic, la película',2020,NULL,121,20),(1307,'Pelicula',12,'Bloodshot',2020,NULL,117,38),(1308,'Pelicula',13,'El hombre invisible',2020,NULL,98,35),(1309,'Pelicula',14,'The Gentlemen: Los señores de la mafia',2020,NULL,87,42),(1310,'Pelicula',15,'Onward',2020,NULL,111,38),(1311,'Pelicula',16,'Un lugar tranquilo: Parte 2',2020,NULL,107,42),(1312,'Pelicula',17,'Mulan',2020,NULL,131,45),(1313,'Libro',1,'Harry Potter',1991,NULL,454,43),(1314,'Libro',1,'Harry Potter',1991,NULL,454,45),(1315,'Libro',2,'El Guardian en el centeno',1999,NULL,390,3),(1316,'Libro',2,'El Guardian en el centeno',1999,NULL,390,46),(1317,'Libro',2,'Nueve historias',2004,NULL,751,7),(1318,'Libro',2,'Nueve historias',2004,NULL,751,36),(1319,'Libro',3,'Franny y Zooey',1998,NULL,568,3),(1320,'Libro',3,'Franny y Zooey',1998,NULL,568,11),(1321,'Libro',4,'Tierna id la noche',1998,NULL,483,43),(1322,'Libro',5,'Orgullo y prejuicio',2017,NULL,835,44),(1323,'Libro',5,'Orgullo y prejuicio',2017,NULL,835,11),(1324,'Libro',5,'Orgullo y prejuicio',2017,NULL,835,45),(1325,'Libro',6,'El gran Gatsby',2020,NULL,793,44),(1326,'Libro',6,'El gran Gatsby',2020,NULL,793,48),(1327,'Libro',6,'El gran Gatsby',2020,NULL,793,46),(1328,'Libro',6,'El gran Gatsby',2020,NULL,793,48),(1329,'Pelicula',8,'1917',2020,NULL,123,49),(1330,'Pelicula',9,'Jojo Rabbit',2020,NULL,146,48),(1331,'Pelicula',10,'Bad Boys for Life',2020,NULL,98,44),(1332,'Pelicula',10,'Aves de presa',2020,NULL,101,42),(1333,'Pelicula',11,'Sonic, la película',2020,NULL,121,49),(1334,'Pelicula',12,'Bloodshot',2020,NULL,117,49),(1335,'Pelicula',13,'El hombre invisible',2020,NULL,98,43),(1336,'Pelicula',14,'The Gentlemen: Los señores de la mafia',2020,NULL,87,35),(1337,'Pelicula',15,'Onward',2020,NULL,111,44),(1338,'Pelicula',16,'Un lugar tranquilo: Parte 2',2020,NULL,107,13),(1339,'Pelicula',17,'Mulan',2020,NULL,131,35),(1340,'Libro',1,'Harry Potter',1991,NULL,454,48),(1341,'Libro',1,'Harry Potter',1991,NULL,454,1),(1342,'Libro',2,'El Guardian en el centeno',1999,NULL,390,15),(1343,'Libro',2,'El Guardian en el centeno',1999,NULL,390,19),(1344,'Libro',2,'Nueve historias',2004,NULL,751,48),(1345,'Libro',2,'Nueve historias',2004,NULL,751,42),(1346,'Libro',3,'Franny y Zooey',1998,NULL,568,4),(1347,'Libro',3,'Franny y Zooey',1998,NULL,568,47),(1348,'Libro',4,'Tierna id la noche',1998,NULL,483,4),(1349,'Libro',5,'Orgullo y prejuicio',2017,NULL,835,19),(1350,'Libro',5,'Orgullo y prejuicio',2017,NULL,835,42),(1351,'Libro',5,'Orgullo y prejuicio',2017,NULL,835,44),(1352,'Libro',6,'El gran Gatsby',2020,NULL,793,51),(1353,'Libro',6,'El gran Gatsby',2020,NULL,793,50),(1354,'Libro',6,'El gran Gatsby',2020,NULL,793,19),(1355,'Libro',6,'El gran Gatsby',2020,NULL,793,44),(1356,'Pelicula',8,'1917',2020,NULL,123,12),(1357,'Pelicula',9,'Jojo Rabbit',2020,NULL,146,44),(1358,'Pelicula',10,'Bad Boys for Life',2020,NULL,98,1),(1359,'Pelicula',10,'Aves de presa',2020,NULL,101,49),(1360,'Pelicula',11,'Sonic, la película',2020,NULL,121,18),(1361,'Pelicula',12,'Bloodshot',2020,NULL,117,12),(1362,'Pelicula',13,'El hombre invisible',2020,NULL,98,9),(1363,'Pelicula',14,'The Gentlemen: Los señores de la mafia',2020,NULL,87,9),(1364,'Pelicula',15,'Onward',2020,NULL,111,17),(1365,'Pelicula',16,'Un lugar tranquilo: Parte 2',2020,NULL,107,4),(1366,'Pelicula',17,'Mulan',2020,NULL,131,20),(1367,'Libro',1,'Harry Potter',1991,NULL,454,39),(1368,'Libro',1,'Harry Potter',1991,NULL,454,45),(1369,'Libro',2,'El Guardian en el centeno',1999,NULL,390,40),(1370,'Libro',2,'El Guardian en el centeno',1999,NULL,390,4),(1371,'Libro',2,'Nueve historias',2004,NULL,751,51),(1372,'Libro',2,'Nueve historias',2004,NULL,751,39),(1373,'Libro',3,'Franny y Zooey',1998,NULL,568,43),(1374,'Libro',3,'Franny y Zooey',1998,NULL,568,44),(1375,'Libro',4,'Tierna id la noche',1998,NULL,483,42),(1376,'Libro',5,'Orgullo y prejuicio',2017,NULL,835,42),(1377,'Libro',5,'Orgullo y prejuicio',2017,NULL,835,2),(1378,'Libro',5,'Orgullo y prejuicio',2017,NULL,835,40),(1379,'Libro',6,'El gran Gatsby',2020,NULL,793,11),(1380,'Libro',6,'El gran Gatsby',2020,NULL,793,5),(1381,'Libro',6,'El gran Gatsby',2020,NULL,793,40),(1382,'Libro',6,'El gran Gatsby',2020,NULL,793,41),(1383,'Pelicula',8,'1917',2020,NULL,123,45),(1384,'Pelicula',9,'Jojo Rabbit',2020,NULL,146,51),(1385,'Pelicula',10,'Bad Boys for Life',2020,NULL,98,44),(1386,'Pelicula',10,'Aves de presa',2020,NULL,101,38),(1387,'Pelicula',11,'Sonic, la película',2020,NULL,121,44),(1388,'Pelicula',12,'Bloodshot',2020,NULL,117,2),(1389,'Pelicula',13,'El hombre invisible',2020,NULL,98,50),(1390,'Pelicula',14,'The Gentlemen: Los señores de la mafia',2020,NULL,87,39),(1391,'Pelicula',15,'Onward',2020,NULL,111,6),(1392,'Pelicula',16,'Un lugar tranquilo: Parte 2',2020,NULL,107,13),(1393,'Pelicula',17,'Mulan',2020,NULL,131,47),(1394,'Libro',1,'Harry Potter',1991,NULL,454,41),(1395,'Libro',1,'Harry Potter',1991,NULL,454,12),(1396,'Libro',2,'El Guardian en el centeno',1999,NULL,390,39),(1397,'Libro',2,'El Guardian en el centeno',1999,NULL,390,8),(1398,'Libro',2,'Nueve historias',2004,NULL,751,51),(1399,'Libro',2,'Nueve historias',2004,NULL,751,37),(1400,'Libro',3,'Franny y Zooey',1998,NULL,568,44),(1401,'Libro',3,'Franny y Zooey',1998,NULL,568,20),(1402,'Libro',4,'Tierna id la noche',1998,NULL,483,49),(1403,'Libro',5,'Orgullo y prejuicio',2017,NULL,835,44),(1404,'Libro',5,'Orgullo y prejuicio',2017,NULL,835,5),(1405,'Libro',5,'Orgullo y prejuicio',2017,NULL,835,45),(1406,'Libro',6,'El gran Gatsby',2020,NULL,793,3),(1407,'Libro',6,'El gran Gatsby',2020,NULL,793,36),(1408,'Libro',6,'El gran Gatsby',2020,NULL,793,15),(1409,'Libro',6,'El gran Gatsby',2020,NULL,793,16),(1410,'Pelicula',8,'1917',2020,NULL,123,38),(1411,'Pelicula',9,'Jojo Rabbit',2020,NULL,146,36),(1412,'Pelicula',10,'Bad Boys for Life',2020,NULL,98,17),(1413,'Pelicula',10,'Aves de presa',2020,NULL,101,47),(1414,'Pelicula',11,'Sonic, la película',2020,NULL,121,36),(1415,'Pelicula',12,'Bloodshot',2020,NULL,117,39),(1416,'Pelicula',13,'El hombre invisible',2020,NULL,98,38),(1417,'Pelicula',14,'The Gentlemen: Los señores de la mafia',2020,NULL,87,48),(1418,'Pelicula',15,'Onward',2020,NULL,111,19),(1419,'Pelicula',16,'Un lugar tranquilo: Parte 2',2020,NULL,107,1),(1420,'Pelicula',17,'Mulan',2020,NULL,131,50),(1421,'Libro',1,'Harry Potter',1991,NULL,454,42),(1422,'Libro',1,'Harry Potter',1991,NULL,454,7),(1423,'Libro',2,'El Guardian en el centeno',1999,NULL,390,10),(1424,'Libro',2,'El Guardian en el centeno',1999,NULL,390,47),(1425,'Libro',2,'Nueve historias',2004,NULL,751,13),(1426,'Libro',2,'Nueve historias',2004,NULL,751,38),(1427,'Libro',3,'Franny y Zooey',1998,NULL,568,48),(1428,'Libro',3,'Franny y Zooey',1998,NULL,568,2),(1429,'Libro',4,'Tierna id la noche',1998,NULL,483,20),(1430,'Libro',5,'Orgullo y prejuicio',2017,NULL,835,43),(1431,'Libro',5,'Orgullo y prejuicio',2017,NULL,835,2),(1432,'Libro',5,'Orgullo y prejuicio',2017,NULL,835,50),(1433,'Libro',6,'El gran Gatsby',2020,NULL,793,7),(1434,'Libro',6,'El gran Gatsby',2020,NULL,793,37),(1435,'Libro',6,'El gran Gatsby',2020,NULL,793,10),(1436,'Libro',6,'El gran Gatsby',2020,NULL,793,42),(1437,'Pelicula',8,'1917',2020,NULL,123,47),(1438,'Pelicula',9,'Jojo Rabbit',2020,NULL,146,49),(1439,'Pelicula',10,'Bad Boys for Life',2020,NULL,98,18),(1440,'Pelicula',10,'Aves de presa',2020,NULL,101,46),(1441,'Pelicula',11,'Sonic, la película',2020,NULL,121,20),(1442,'Pelicula',12,'Bloodshot',2020,NULL,117,15),(1443,'Pelicula',13,'El hombre invisible',2020,NULL,98,15),(1444,'Pelicula',14,'The Gentlemen: Los señores de la mafia',2020,NULL,87,50),(1445,'Pelicula',15,'Onward',2020,NULL,111,36),(1446,'Pelicula',16,'Un lugar tranquilo: Parte 2',2020,NULL,107,51),(1447,'Pelicula',17,'Mulan',2020,NULL,131,45),(1448,'Libro',1,'Harry Potter',1991,NULL,454,18),(1449,'Libro',1,'Harry Potter',1991,NULL,454,6),(1450,'Libro',2,'El Guardian en el centeno',1999,NULL,390,41),(1451,'Libro',2,'El Guardian en el centeno',1999,NULL,390,13),(1452,'Libro',2,'Nueve historias',2004,NULL,751,39),(1453,'Libro',2,'Nueve historias',2004,NULL,751,38),(1454,'Libro',3,'Franny y Zooey',1998,NULL,568,2),(1455,'Libro',3,'Franny y Zooey',1998,NULL,568,18),(1456,'Libro',4,'Tierna id la noche',1998,NULL,483,36),(1457,'Libro',5,'Orgullo y prejuicio',2017,NULL,835,7),(1458,'Libro',5,'Orgullo y prejuicio',2017,NULL,835,39),(1459,'Libro',5,'Orgullo y prejuicio',2017,NULL,835,51),(1460,'Libro',6,'El gran Gatsby',2020,NULL,793,42),(1461,'Libro',6,'El gran Gatsby',2020,NULL,793,40),(1462,'Libro',6,'El gran Gatsby',2020,NULL,793,44),(1463,'Libro',6,'El gran Gatsby',2020,NULL,793,40),(1464,'Pelicula',8,'1917',2020,NULL,123,49),(1465,'Pelicula',9,'Jojo Rabbit',2020,NULL,146,45),(1466,'Pelicula',10,'Bad Boys for Life',2020,NULL,98,44),(1467,'Pelicula',10,'Aves de presa',2020,NULL,101,36),(1468,'Pelicula',11,'Sonic, la película',2020,NULL,121,4),(1469,'Pelicula',12,'Bloodshot',2020,NULL,117,14),(1470,'Pelicula',13,'El hombre invisible',2020,NULL,98,7),(1471,'Pelicula',14,'The Gentlemen: Los señores de la mafia',2020,NULL,87,45),(1472,'Pelicula',15,'Onward',2020,NULL,111,48),(1473,'Pelicula',16,'Un lugar tranquilo: Parte 2',2020,NULL,107,3),(1474,'Pelicula',17,'Mulan',2020,NULL,131,38),(1475,'Libro',1,'Harry Potter',1991,NULL,454,4),(1476,'Libro',1,'Harry Potter',1991,NULL,454,51),(1477,'Libro',2,'El Guardian en el centeno',1999,NULL,390,39),(1478,'Libro',2,'El Guardian en el centeno',1999,NULL,390,41),(1479,'Libro',2,'Nueve historias',2004,NULL,751,37),(1480,'Libro',2,'Nueve historias',2004,NULL,751,11),(1481,'Libro',3,'Franny y Zooey',1998,NULL,568,44),(1482,'Libro',3,'Franny y Zooey',1998,NULL,568,40),(1483,'Libro',4,'Tierna id la noche',1998,NULL,483,35),(1484,'Libro',5,'Orgullo y prejuicio',2017,NULL,835,6),(1485,'Libro',5,'Orgullo y prejuicio',2017,NULL,835,37),(1486,'Libro',5,'Orgullo y prejuicio',2017,NULL,835,16),(1487,'Libro',6,'El gran Gatsby',2020,NULL,793,40),(1488,'Libro',6,'El gran Gatsby',2020,NULL,793,2),(1489,'Libro',6,'El gran Gatsby',2020,NULL,793,50),(1490,'Libro',6,'El gran Gatsby',2020,NULL,793,37),(1491,'Pelicula',8,'1917',2020,NULL,123,38),(1492,'Pelicula',9,'Jojo Rabbit',2020,NULL,146,40),(1493,'Pelicula',10,'Bad Boys for Life',2020,NULL,98,14),(1494,'Pelicula',10,'Aves de presa',2020,NULL,101,44),(1495,'Pelicula',11,'Sonic, la película',2020,NULL,121,49),(1496,'Pelicula',12,'Bloodshot',2020,NULL,117,37),(1497,'Pelicula',13,'El hombre invisible',2020,NULL,98,39),(1498,'Pelicula',14,'The Gentlemen: Los señores de la mafia',2020,NULL,87,49),(1499,'Pelicula',15,'Onward',2020,NULL,111,36),(1500,'Pelicula',16,'Un lugar tranquilo: Parte 2',2020,NULL,107,38),(1501,'Pelicula',17,'Mulan',2020,NULL,131,7),(1502,'Libro',1,'Harry Potter',1991,NULL,454,36),(1503,'Libro',1,'Harry Potter',1991,NULL,454,39),(1504,'Libro',2,'El Guardian en el centeno',1999,NULL,390,50),(1505,'Libro',2,'El Guardian en el centeno',1999,NULL,390,47),(1506,'Libro',2,'Nueve historias',2004,NULL,751,35),(1507,'Libro',2,'Nueve historias',2004,NULL,751,35),(1508,'Libro',3,'Franny y Zooey',1998,NULL,568,14),(1509,'Libro',3,'Franny y Zooey',1998,NULL,568,16),(1510,'Libro',4,'Tierna id la noche',1998,NULL,483,40),(1511,'Libro',5,'Orgullo y prejuicio',2017,NULL,835,47),(1512,'Libro',5,'Orgullo y prejuicio',2017,NULL,835,14),(1513,'Libro',5,'Orgullo y prejuicio',2017,NULL,835,42),(1514,'Libro',6,'El gran Gatsby',2020,NULL,793,7),(1515,'Libro',6,'El gran Gatsby',2020,NULL,793,47),(1516,'Libro',6,'El gran Gatsby',2020,NULL,793,10),(1517,'Libro',6,'El gran Gatsby',2020,NULL,793,9),(1518,'Pelicula',8,'1917',2020,NULL,123,14),(1519,'Pelicula',9,'Jojo Rabbit',2020,NULL,146,43),(1520,'Pelicula',10,'Bad Boys for Life',2020,NULL,98,20),(1521,'Pelicula',10,'Aves de presa',2020,NULL,101,20),(1522,'Pelicula',11,'Sonic, la película',2020,NULL,121,41),(1523,'Pelicula',12,'Bloodshot',2020,NULL,117,43),(1524,'Pelicula',13,'El hombre invisible',2020,NULL,98,39),(1525,'Pelicula',14,'The Gentlemen: Los señores de la mafia',2020,NULL,87,15),(1526,'Pelicula',15,'Onward',2020,NULL,111,10),(1527,'Pelicula',16,'Un lugar tranquilo: Parte 2',2020,NULL,107,2),(1528,'Pelicula',17,'Mulan',2020,NULL,131,50),(1529,'Libro',1,'Harry Potter',1991,NULL,454,43),(1530,'Libro',1,'Harry Potter',1991,NULL,454,41),(1531,'Libro',2,'El Guardian en el centeno',1999,NULL,390,38),(1532,'Libro',2,'El Guardian en el centeno',1999,NULL,390,49),(1533,'Libro',2,'Nueve historias',2004,NULL,751,6),(1534,'Libro',2,'Nueve historias',2004,NULL,751,47),(1535,'Libro',3,'Franny y Zooey',1998,NULL,568,9),(1536,'Libro',3,'Franny y Zooey',1998,NULL,568,9),(1537,'Libro',4,'Tierna id la noche',1998,NULL,483,15),(1538,'Libro',5,'Orgullo y prejuicio',2017,NULL,835,49),(1539,'Libro',5,'Orgullo y prejuicio',2017,NULL,835,44),(1540,'Libro',5,'Orgullo y prejuicio',2017,NULL,835,43),(1541,'Libro',6,'El gran Gatsby',2020,NULL,793,36),(1542,'Libro',6,'El gran Gatsby',2020,NULL,793,44),(1543,'Libro',6,'El gran Gatsby',2020,NULL,793,20),(1544,'Libro',6,'El gran Gatsby',2020,NULL,793,17),(1545,'Pelicula',8,'1917',2020,NULL,123,50),(1546,'Pelicula',9,'Jojo Rabbit',2020,NULL,146,37),(1547,'Pelicula',10,'Bad Boys for Life',2020,NULL,98,38),(1548,'Pelicula',10,'Aves de presa',2020,NULL,101,47),(1549,'Pelicula',11,'Sonic, la película',2020,NULL,121,44),(1550,'Pelicula',12,'Bloodshot',2020,NULL,117,38),(1551,'Pelicula',13,'El hombre invisible',2020,NULL,98,47),(1552,'Pelicula',14,'The Gentlemen: Los señores de la mafia',2020,NULL,87,43),(1553,'Pelicula',15,'Onward',2020,NULL,111,38),(1554,'Pelicula',16,'Un lugar tranquilo: Parte 2',2020,NULL,107,36),(1555,'Pelicula',17,'Mulan',2020,NULL,131,9),(1556,'Libro',1,'Harry Potter',1991,NULL,454,39),(1557,'Libro',1,'Harry Potter',1991,NULL,454,16),(1558,'Libro',2,'El Guardian en el centeno',1999,NULL,390,10),(1559,'Libro',2,'El Guardian en el centeno',1999,NULL,390,4),(1560,'Libro',2,'Nueve historias',2004,NULL,751,40),(1561,'Libro',2,'Nueve historias',2004,NULL,751,42),(1562,'Libro',3,'Franny y Zooey',1998,NULL,568,49),(1563,'Libro',3,'Franny y Zooey',1998,NULL,568,42),(1564,'Libro',4,'Tierna id la noche',1998,NULL,483,12),(1565,'Libro',5,'Orgullo y prejuicio',2017,NULL,835,35),(1566,'Libro',5,'Orgullo y prejuicio',2017,NULL,835,36),(1567,'Libro',5,'Orgullo y prejuicio',2017,NULL,835,45),(1568,'Libro',6,'El gran Gatsby',2020,NULL,793,5),(1569,'Libro',6,'El gran Gatsby',2020,NULL,793,7),(1570,'Libro',6,'El gran Gatsby',2020,NULL,793,19),(1571,'Libro',6,'El gran Gatsby',2020,NULL,793,48),(1572,'Pelicula',8,'1917',2020,NULL,123,11),(1573,'Pelicula',9,'Jojo Rabbit',2020,NULL,146,36),(1574,'Pelicula',10,'Bad Boys for Life',2020,NULL,98,36),(1575,'Pelicula',10,'Aves de presa',2020,NULL,101,18),(1576,'Pelicula',11,'Sonic, la película',2020,NULL,121,38),(1577,'Pelicula',12,'Bloodshot',2020,NULL,117,39),(1578,'Pelicula',13,'El hombre invisible',2020,NULL,98,47),(1579,'Pelicula',14,'The Gentlemen: Los señores de la mafia',2020,NULL,87,36),(1580,'Pelicula',15,'Onward',2020,NULL,111,36),(1581,'Pelicula',16,'Un lugar tranquilo: Parte 2',2020,NULL,107,35),(1582,'Pelicula',17,'Mulan',2020,NULL,131,12),(1583,'Libro',1,'Harry Potter',1991,NULL,454,35),(1584,'Libro',1,'Harry Potter',1991,NULL,454,40),(1585,'Libro',2,'El Guardian en el centeno',1999,NULL,390,41),(1586,'Libro',2,'El Guardian en el centeno',1999,NULL,390,42),(1587,'Libro',2,'Nueve historias',2004,NULL,751,39),(1588,'Libro',2,'Nueve historias',2004,NULL,751,47),(1589,'Libro',3,'Franny y Zooey',1998,NULL,568,14),(1590,'Libro',3,'Franny y Zooey',1998,NULL,568,35),(1591,'Libro',4,'Tierna id la noche',1998,NULL,483,6),(1592,'Libro',5,'Orgullo y prejuicio',2017,NULL,835,41),(1593,'Libro',5,'Orgullo y prejuicio',2017,NULL,835,35),(1594,'Libro',5,'Orgullo y prejuicio',2017,NULL,835,51),(1595,'Libro',6,'El gran Gatsby',2020,NULL,793,49),(1596,'Libro',6,'El gran Gatsby',2020,NULL,793,41),(1597,'Libro',6,'El gran Gatsby',2020,NULL,793,6),(1598,'Libro',6,'El gran Gatsby',2020,NULL,793,6),(1599,'Pelicula',8,'1917',2020,NULL,123,15),(1600,'Pelicula',9,'Jojo Rabbit',2020,NULL,146,4),(1601,'Pelicula',10,'Bad Boys for Life',2020,NULL,98,48),(1602,'Pelicula',10,'Aves de presa',2020,NULL,101,49),(1603,'Pelicula',11,'Sonic, la película',2020,NULL,121,49),(1604,'Pelicula',12,'Bloodshot',2020,NULL,117,44),(1605,'Pelicula',13,'El hombre invisible',2020,NULL,98,1),(1606,'Pelicula',14,'The Gentlemen: Los señores de la mafia',2020,NULL,87,48),(1607,'Pelicula',15,'Onward',2020,NULL,111,41),(1608,'Pelicula',16,'Un lugar tranquilo: Parte 2',2020,NULL,107,42),(1609,'Pelicula',17,'Mulan',2020,NULL,131,35),(1610,'Libro',1,'Harry Potter',1991,NULL,454,50),(1611,'Libro',1,'Harry Potter',1991,NULL,454,14),(1612,'Libro',2,'El Guardian en el centeno',1999,NULL,390,4),(1613,'Libro',2,'El Guardian en el centeno',1999,NULL,390,40),(1614,'Libro',2,'Nueve historias',2004,NULL,751,36),(1615,'Libro',2,'Nueve historias',2004,NULL,751,35),(1616,'Libro',3,'Franny y Zooey',1998,NULL,568,2),(1617,'Libro',3,'Franny y Zooey',1998,NULL,568,7),(1618,'Libro',4,'Tierna id la noche',1998,NULL,483,41),(1619,'Libro',5,'Orgullo y prejuicio',2017,NULL,835,9),(1620,'Libro',5,'Orgullo y prejuicio',2017,NULL,835,16),(1621,'Libro',5,'Orgullo y prejuicio',2017,NULL,835,4),(1622,'Libro',6,'El gran Gatsby',2020,NULL,793,19),(1623,'Libro',6,'El gran Gatsby',2020,NULL,793,47),(1624,'Libro',6,'El gran Gatsby',2020,NULL,793,5),(1625,'Libro',6,'El gran Gatsby',2020,NULL,793,43),(1626,'Pelicula',8,'1917',2020,NULL,123,41),(1627,'Pelicula',9,'Jojo Rabbit',2020,NULL,146,51),(1628,'Pelicula',10,'Bad Boys for Life',2020,NULL,98,20),(1629,'Pelicula',10,'Aves de presa',2020,NULL,101,47),(1630,'Pelicula',11,'Sonic, la película',2020,NULL,121,20),(1631,'Pelicula',12,'Bloodshot',2020,NULL,117,10),(1632,'Pelicula',13,'El hombre invisible',2020,NULL,98,41),(1633,'Pelicula',14,'The Gentlemen: Los señores de la mafia',2020,NULL,87,39),(1634,'Pelicula',15,'Onward',2020,NULL,111,39),(1635,'Pelicula',16,'Un lugar tranquilo: Parte 2',2020,NULL,107,37),(1636,'Pelicula',17,'Mulan',2020,NULL,131,13),(1637,'Libro',1,'Harry Potter',1991,NULL,454,36),(1638,'Libro',1,'Harry Potter',1991,NULL,454,40),(1639,'Libro',2,'El Guardian en el centeno',1999,NULL,390,40),(1640,'Libro',2,'El Guardian en el centeno',1999,NULL,390,51),(1641,'Libro',2,'Nueve historias',2004,NULL,751,40),(1642,'Libro',2,'Nueve historias',2004,NULL,751,43),(1643,'Libro',3,'Franny y Zooey',1998,NULL,568,47),(1644,'Libro',3,'Franny y Zooey',1998,NULL,568,41),(1645,'Libro',4,'Tierna id la noche',1998,NULL,483,50),(1646,'Libro',5,'Orgullo y prejuicio',2017,NULL,835,46),(1647,'Libro',5,'Orgullo y prejuicio',2017,NULL,835,39),(1648,'Libro',5,'Orgullo y prejuicio',2017,NULL,835,40),(1649,'Libro',6,'El gran Gatsby',2020,NULL,793,47),(1650,'Libro',6,'El gran Gatsby',2020,NULL,793,47),(1651,'Libro',6,'El gran Gatsby',2020,NULL,793,43),(1652,'Libro',6,'El gran Gatsby',2020,NULL,793,20),(1653,'Pelicula',8,'1917',2020,NULL,123,49),(1654,'Pelicula',9,'Jojo Rabbit',2020,NULL,146,4),(1655,'Pelicula',10,'Bad Boys for Life',2020,NULL,98,1),(1656,'Pelicula',10,'Aves de presa',2020,NULL,101,43),(1657,'Pelicula',11,'Sonic, la película',2020,NULL,121,7),(1658,'Pelicula',12,'Bloodshot',2020,NULL,117,9),(1659,'Pelicula',13,'El hombre invisible',2020,NULL,98,37),(1660,'Pelicula',14,'The Gentlemen: Los señores de la mafia',2020,NULL,87,41),(1661,'Pelicula',15,'Onward',2020,NULL,111,42),(1662,'Pelicula',16,'Un lugar tranquilo: Parte 2',2020,NULL,107,12),(1663,'Pelicula',17,'Mulan',2020,NULL,131,39),(1664,'Libro',1,'Harry Potter',1991,NULL,454,39),(1665,'Libro',1,'Harry Potter',1991,NULL,454,11),(1666,'Libro',2,'El Guardian en el centeno',1999,NULL,390,6),(1667,'Libro',2,'El Guardian en el centeno',1999,NULL,390,46),(1668,'Libro',2,'Nueve historias',2004,NULL,751,8),(1669,'Libro',2,'Nueve historias',2004,NULL,751,5),(1670,'Libro',3,'Franny y Zooey',1998,NULL,568,50),(1671,'Libro',3,'Franny y Zooey',1998,NULL,568,45),(1672,'Libro',4,'Tierna id la noche',1998,NULL,483,1),(1673,'Libro',5,'Orgullo y prejuicio',2017,NULL,835,18),(1674,'Libro',5,'Orgullo y prejuicio',2017,NULL,835,36),(1675,'Libro',5,'Orgullo y prejuicio',2017,NULL,835,9),(1676,'Libro',6,'El gran Gatsby',2020,NULL,793,46),(1677,'Libro',6,'El gran Gatsby',2020,NULL,793,49),(1678,'Libro',6,'El gran Gatsby',2020,NULL,793,6),(1679,'Libro',6,'El gran Gatsby',2020,NULL,793,36),(1680,'Pelicula',8,'1917',2020,NULL,123,8),(1681,'Pelicula',9,'Jojo Rabbit',2020,NULL,146,48),(1682,'Pelicula',10,'Bad Boys for Life',2020,NULL,98,43),(1683,'Pelicula',10,'Aves de presa',2020,NULL,101,13),(1684,'Pelicula',11,'Sonic, la película',2020,NULL,121,46),(1685,'Pelicula',12,'Bloodshot',2020,NULL,117,50),(1686,'Pelicula',13,'El hombre invisible',2020,NULL,98,46),(1687,'Pelicula',14,'The Gentlemen: Los señores de la mafia',2020,NULL,87,39),(1688,'Pelicula',15,'Onward',2020,NULL,111,3),(1689,'Pelicula',16,'Un lugar tranquilo: Parte 2',2020,NULL,107,1),(1690,'Pelicula',17,'Mulan',2020,NULL,131,46),(1691,'Libro',1,'Harry Potter',1991,NULL,454,46),(1692,'Libro',1,'Harry Potter',1991,NULL,454,20),(1693,'Libro',2,'El Guardian en el centeno',1999,NULL,390,36),(1694,'Libro',2,'El Guardian en el centeno',1999,NULL,390,18),(1695,'Libro',2,'Nueve historias',2004,NULL,751,43),(1696,'Libro',2,'Nueve historias',2004,NULL,751,48),(1697,'Libro',3,'Franny y Zooey',1998,NULL,568,47),(1698,'Libro',3,'Franny y Zooey',1998,NULL,568,39),(1699,'Libro',4,'Tierna id la noche',1998,NULL,483,2),(1700,'Libro',5,'Orgullo y prejuicio',2017,NULL,835,47),(1701,'Libro',5,'Orgullo y prejuicio',2017,NULL,835,45),(1702,'Libro',5,'Orgullo y prejuicio',2017,NULL,835,45),(1703,'Libro',6,'El gran Gatsby',2020,NULL,793,42),(1704,'Libro',6,'El gran Gatsby',2020,NULL,793,6),(1705,'Libro',6,'El gran Gatsby',2020,NULL,793,5),(1706,'Libro',6,'El gran Gatsby',2020,NULL,793,9),(1707,'Pelicula',8,'1917',2020,NULL,123,38),(1708,'Pelicula',9,'Jojo Rabbit',2020,NULL,146,12),(1709,'Pelicula',10,'Bad Boys for Life',2020,NULL,98,37),(1710,'Pelicula',10,'Aves de presa',2020,NULL,101,39),(1711,'Pelicula',11,'Sonic, la película',2020,NULL,121,19),(1712,'Pelicula',12,'Bloodshot',2020,NULL,117,36),(1713,'Pelicula',13,'El hombre invisible',2020,NULL,98,50),(1714,'Pelicula',14,'The Gentlemen: Los señores de la mafia',2020,NULL,87,42),(1715,'Pelicula',15,'Onward',2020,NULL,111,43),(1716,'Pelicula',16,'Un lugar tranquilo: Parte 2',2020,NULL,107,18),(1717,'Pelicula',17,'Mulan',2020,NULL,131,10),(1718,'Libro',1,'Harry Potter',1991,NULL,454,46),(1719,'Libro',1,'Harry Potter',1991,NULL,454,48),(1720,'Libro',2,'El Guardian en el centeno',1999,NULL,390,48),(1721,'Libro',2,'El Guardian en el centeno',1999,NULL,390,46),(1722,'Libro',2,'Nueve historias',2004,NULL,751,41),(1723,'Libro',2,'Nueve historias',2004,NULL,751,47),(1724,'Libro',3,'Franny y Zooey',1998,NULL,568,12),(1725,'Libro',3,'Franny y Zooey',1998,NULL,568,12),(1726,'Libro',4,'Tierna id la noche',1998,NULL,483,41),(1727,'Libro',5,'Orgullo y prejuicio',2017,NULL,835,17),(1728,'Libro',5,'Orgullo y prejuicio',2017,NULL,835,47),(1729,'Libro',5,'Orgullo y prejuicio',2017,NULL,835,11),(1730,'Libro',6,'El gran Gatsby',2020,NULL,793,37),(1731,'Libro',6,'El gran Gatsby',2020,NULL,793,49),(1732,'Libro',6,'El gran Gatsby',2020,NULL,793,46),(1733,'Libro',6,'El gran Gatsby',2020,NULL,793,35),(1734,'Pelicula',8,'1917',2020,NULL,123,4),(1735,'Pelicula',9,'Jojo Rabbit',2020,NULL,146,7),(1736,'Pelicula',10,'Bad Boys for Life',2020,NULL,98,37),(1737,'Pelicula',10,'Aves de presa',2020,NULL,101,41),(1738,'Pelicula',11,'Sonic, la película',2020,NULL,121,36),(1739,'Pelicula',12,'Bloodshot',2020,NULL,117,3),(1740,'Pelicula',13,'El hombre invisible',2020,NULL,98,9),(1741,'Pelicula',14,'The Gentlemen: Los señores de la mafia',2020,NULL,87,37),(1742,'Pelicula',15,'Onward',2020,NULL,111,5),(1743,'Pelicula',16,'Un lugar tranquilo: Parte 2',2020,NULL,107,13),(1744,'Pelicula',17,'Mulan',2020,NULL,131,51),(1745,'Libro',1,'Harry Potter',1991,NULL,454,10),(1746,'Libro',1,'Harry Potter',1991,NULL,454,49),(1747,'Libro',2,'El Guardian en el centeno',1999,NULL,390,13),(1748,'Libro',2,'El Guardian en el centeno',1999,NULL,390,18),(1749,'Libro',2,'Nueve historias',2004,NULL,751,1),(1750,'Libro',2,'Nueve historias',2004,NULL,751,50),(1751,'Libro',3,'Franny y Zooey',1998,NULL,568,42),(1752,'Libro',3,'Franny y Zooey',1998,NULL,568,9),(1753,'Libro',4,'Tierna id la noche',1998,NULL,483,47),(1754,'Libro',5,'Orgullo y prejuicio',2017,NULL,835,38),(1755,'Libro',5,'Orgullo y prejuicio',2017,NULL,835,12),(1756,'Libro',5,'Orgullo y prejuicio',2017,NULL,835,49),(1757,'Libro',6,'El gran Gatsby',2020,NULL,793,45),(1758,'Libro',6,'El gran Gatsby',2020,NULL,793,42),(1759,'Libro',6,'El gran Gatsby',2020,NULL,793,43),(1760,'Libro',6,'El gran Gatsby',2020,NULL,793,37),(1761,'Pelicula',8,'1917',2020,NULL,123,16),(1762,'Pelicula',9,'Jojo Rabbit',2020,NULL,146,20),(1763,'Pelicula',10,'Bad Boys for Life',2020,NULL,98,51),(1764,'Pelicula',10,'Aves de presa',2020,NULL,101,41),(1765,'Pelicula',11,'Sonic, la película',2020,NULL,121,1),(1766,'Pelicula',12,'Bloodshot',2020,NULL,117,47),(1767,'Pelicula',13,'El hombre invisible',2020,NULL,98,9),(1768,'Pelicula',14,'The Gentlemen: Los señores de la mafia',2020,NULL,87,46),(1769,'Pelicula',15,'Onward',2020,NULL,111,49),(1770,'Pelicula',16,'Un lugar tranquilo: Parte 2',2020,NULL,107,7),(1771,'Pelicula',17,'Mulan',2020,NULL,131,38),(1772,'Libro',1,'Harry Potter',1991,NULL,454,17),(1773,'Libro',1,'Harry Potter',1991,NULL,454,20),(1774,'Libro',2,'El Guardian en el centeno',1999,NULL,390,50),(1775,'Libro',2,'El Guardian en el centeno',1999,NULL,390,36),(1776,'Libro',2,'Nueve historias',2004,NULL,751,39),(1777,'Libro',2,'Nueve historias',2004,NULL,751,45),(1778,'Libro',3,'Franny y Zooey',1998,NULL,568,51),(1779,'Libro',3,'Franny y Zooey',1998,NULL,568,36),(1780,'Libro',4,'Tierna id la noche',1998,NULL,483,12),(1781,'Libro',5,'Orgullo y prejuicio',2017,NULL,835,45),(1782,'Libro',5,'Orgullo y prejuicio',2017,NULL,835,35),(1783,'Libro',5,'Orgullo y prejuicio',2017,NULL,835,38),(1784,'Libro',6,'El gran Gatsby',2020,NULL,793,37),(1785,'Libro',6,'El gran Gatsby',2020,NULL,793,19),(1786,'Libro',6,'El gran Gatsby',2020,NULL,793,36),(1787,'Libro',6,'El gran Gatsby',2020,NULL,793,18),(1788,'Pelicula',8,'1917',2020,NULL,123,42),(1789,'Pelicula',9,'Jojo Rabbit',2020,NULL,146,9),(1790,'Pelicula',10,'Bad Boys for Life',2020,NULL,98,46),(1791,'Pelicula',10,'Aves de presa',2020,NULL,101,1),(1792,'Pelicula',11,'Sonic, la película',2020,NULL,121,19),(1793,'Pelicula',12,'Bloodshot',2020,NULL,117,38),(1794,'Pelicula',13,'El hombre invisible',2020,NULL,98,50),(1795,'Pelicula',14,'The Gentlemen: Los señores de la mafia',2020,NULL,87,45),(1796,'Pelicula',15,'Onward',2020,NULL,111,40),(1797,'Pelicula',16,'Un lugar tranquilo: Parte 2',2020,NULL,107,51),(1798,'Pelicula',17,'Mulan',2020,NULL,131,20),(1799,'Libro',1,'Harry Potter',1991,NULL,454,50),(1800,'Libro',1,'Harry Potter',1991,NULL,454,49),(1801,'Libro',2,'El Guardian en el centeno',1999,NULL,390,18),(1802,'Libro',2,'El Guardian en el centeno',1999,NULL,390,41),(1803,'Libro',2,'Nueve historias',2004,NULL,751,48),(1804,'Libro',2,'Nueve historias',2004,NULL,751,14),(1805,'Libro',3,'Franny y Zooey',1998,NULL,568,41),(1806,'Libro',3,'Franny y Zooey',1998,NULL,568,39),(1807,'Libro',4,'Tierna id la noche',1998,NULL,483,13),(1808,'Libro',5,'Orgullo y prejuicio',2017,NULL,835,1),(1809,'Libro',5,'Orgullo y prejuicio',2017,NULL,835,14),(1810,'Libro',5,'Orgullo y prejuicio',2017,NULL,835,16),(1811,'Libro',6,'El gran Gatsby',2020,NULL,793,36),(1812,'Libro',6,'El gran Gatsby',2020,NULL,793,39),(1813,'Libro',6,'El gran Gatsby',2020,NULL,793,37),(1814,'Libro',6,'El gran Gatsby',2020,NULL,793,47),(1815,'Pelicula',8,'1917',2020,NULL,123,38),(1816,'Pelicula',9,'Jojo Rabbit',2020,NULL,146,17),(1817,'Pelicula',10,'Bad Boys for Life',2020,NULL,98,41),(1818,'Pelicula',10,'Aves de presa',2020,NULL,101,4),(1819,'Pelicula',11,'Sonic, la película',2020,NULL,121,8),(1820,'Pelicula',12,'Bloodshot',2020,NULL,117,36),(1821,'Pelicula',13,'El hombre invisible',2020,NULL,98,46),(1822,'Pelicula',14,'The Gentlemen: Los señores de la mafia',2020,NULL,87,5),(1823,'Pelicula',15,'Onward',2020,NULL,111,41),(1824,'Pelicula',16,'Un lugar tranquilo: Parte 2',2020,NULL,107,39),(1825,'Pelicula',17,'Mulan',2020,NULL,131,47),(1826,'Libro',1,'Harry Potter',1991,NULL,454,38),(1827,'Libro',1,'Harry Potter',1991,NULL,454,14),(1828,'Libro',2,'El Guardian en el centeno',1999,NULL,390,40),(1829,'Libro',2,'El Guardian en el centeno',1999,NULL,390,40),(1830,'Libro',2,'Nueve historias',2004,NULL,751,19),(1831,'Libro',2,'Nueve historias',2004,NULL,751,48),(1832,'Libro',3,'Franny y Zooey',1998,NULL,568,11),(1833,'Libro',3,'Franny y Zooey',1998,NULL,568,37),(1834,'Libro',4,'Tierna id la noche',1998,NULL,483,40),(1835,'Libro',5,'Orgullo y prejuicio',2017,NULL,835,5),(1836,'Libro',5,'Orgullo y prejuicio',2017,NULL,835,35),(1837,'Libro',5,'Orgullo y prejuicio',2017,NULL,835,3),(1838,'Libro',6,'El gran Gatsby',2020,NULL,793,13),(1839,'Libro',6,'El gran Gatsby',2020,NULL,793,5),(1840,'Libro',6,'El gran Gatsby',2020,NULL,793,36),(1841,'Libro',6,'El gran Gatsby',2020,NULL,793,13),(1842,'Pelicula',8,'1917',2020,NULL,123,6),(1843,'Pelicula',9,'Jojo Rabbit',2020,NULL,146,40),(1844,'Pelicula',10,'Bad Boys for Life',2020,NULL,98,39),(1845,'Pelicula',10,'Aves de presa',2020,NULL,101,39),(1846,'Pelicula',11,'Sonic, la película',2020,NULL,121,5),(1847,'Pelicula',12,'Bloodshot',2020,NULL,117,41),(1848,'Pelicula',13,'El hombre invisible',2020,NULL,98,45),(1849,'Pelicula',14,'The Gentlemen: Los señores de la mafia',2020,NULL,87,44),(1850,'Pelicula',15,'Onward',2020,NULL,111,17),(1851,'Pelicula',16,'Un lugar tranquilo: Parte 2',2020,NULL,107,3),(1852,'Pelicula',17,'Mulan',2020,NULL,131,15),(1853,'Libro',1,'Harry Potter',1991,NULL,454,16),(1854,'Libro',1,'Harry Potter',1991,NULL,454,39),(1855,'Libro',2,'El Guardian en el centeno',1999,NULL,390,15),(1856,'Libro',2,'El Guardian en el centeno',1999,NULL,390,42),(1857,'Libro',2,'Nueve historias',2004,NULL,751,41),(1858,'Libro',2,'Nueve historias',2004,NULL,751,20),(1859,'Libro',3,'Franny y Zooey',1998,NULL,568,12),(1860,'Libro',3,'Franny y Zooey',1998,NULL,568,50),(1861,'Libro',4,'Tierna id la noche',1998,NULL,483,10),(1862,'Libro',5,'Orgullo y prejuicio',2017,NULL,835,1),(1863,'Libro',5,'Orgullo y prejuicio',2017,NULL,835,46),(1864,'Libro',5,'Orgullo y prejuicio',2017,NULL,835,17),(1865,'Libro',6,'El gran Gatsby',2020,NULL,793,13),(1866,'Libro',6,'El gran Gatsby',2020,NULL,793,14),(1867,'Libro',6,'El gran Gatsby',2020,NULL,793,36),(1868,'Libro',6,'El gran Gatsby',2020,NULL,793,5),(1869,'Pelicula',8,'1917',2020,NULL,123,37),(1870,'Pelicula',9,'Jojo Rabbit',2020,NULL,146,17),(1871,'Pelicula',10,'Bad Boys for Life',2020,NULL,98,44),(1872,'Pelicula',10,'Aves de presa',2020,NULL,101,13),(1873,'Pelicula',11,'Sonic, la película',2020,NULL,121,48),(1874,'Pelicula',12,'Bloodshot',2020,NULL,117,45),(1875,'Pelicula',13,'El hombre invisible',2020,NULL,98,43),(1876,'Pelicula',14,'The Gentlemen: Los señores de la mafia',2020,NULL,87,12),(1877,'Pelicula',15,'Onward',2020,NULL,111,49),(1878,'Pelicula',16,'Un lugar tranquilo: Parte 2',2020,NULL,107,45),(1879,'Pelicula',17,'Mulan',2020,NULL,131,45),(1880,'Libro',1,'Harry Potter',1991,NULL,454,19),(1881,'Libro',1,'Harry Potter',1991,NULL,454,49),(1882,'Libro',2,'El Guardian en el centeno',1999,NULL,390,40),(1883,'Libro',2,'El Guardian en el centeno',1999,NULL,390,18),(1884,'Libro',2,'Nueve historias',2004,NULL,751,41),(1885,'Libro',2,'Nueve historias',2004,NULL,751,49),(1886,'Libro',3,'Franny y Zooey',1998,NULL,568,20),(1887,'Libro',3,'Franny y Zooey',1998,NULL,568,2),(1888,'Libro',4,'Tierna id la noche',1998,NULL,483,51),(1889,'Libro',5,'Orgullo y prejuicio',2017,NULL,835,44),(1890,'Libro',5,'Orgullo y prejuicio',2017,NULL,835,14),(1891,'Libro',5,'Orgullo y prejuicio',2017,NULL,835,43),(1892,'Libro',6,'El gran Gatsby',2020,NULL,793,19),(1893,'Libro',6,'El gran Gatsby',2020,NULL,793,15),(1894,'Libro',6,'El gran Gatsby',2020,NULL,793,19),(1895,'Libro',6,'El gran Gatsby',2020,NULL,793,48),(1896,'Pelicula',8,'1917',2020,NULL,123,47),(1897,'Pelicula',9,'Jojo Rabbit',2020,NULL,146,8),(1898,'Pelicula',10,'Bad Boys for Life',2020,NULL,98,48),(1899,'Pelicula',10,'Aves de presa',2020,NULL,101,13),(1900,'Pelicula',11,'Sonic, la película',2020,NULL,121,47),(1901,'Pelicula',12,'Bloodshot',2020,NULL,117,40),(1902,'Pelicula',13,'El hombre invisible',2020,NULL,98,5),(1903,'Pelicula',14,'The Gentlemen: Los señores de la mafia',2020,NULL,87,51),(1904,'Pelicula',15,'Onward',2020,NULL,111,42),(1905,'Pelicula',16,'Un lugar tranquilo: Parte 2',2020,NULL,107,17),(1906,'Pelicula',17,'Mulan',2020,NULL,131,35);
/*!40000 ALTER TABLE `articulos` ENABLE KEYS */;
UNLOCK TABLES;

--
-- Table structure for table `autores`
--

DROP TABLE IF EXISTS `autores`;
/*!40101 SET @saved_cs_client     = @@character_set_client */;
/*!40101 SET character_set_client = utf8 */;
CREATE TABLE `autores` (
  `id` int(10) unsigned NOT NULL AUTO_INCREMENT,
  `nombre` varchar(70) DEFAULT NULL,
  `apellido` varchar(70) DEFAULT NULL,
  `pais` varchar(70) DEFAULT NULL,
  PRIMARY KEY (`id`)
) ENGINE=InnoDB AUTO_INCREMENT=18 DEFAULT CHARSET=utf8;
/*!40101 SET character_set_client = @saved_cs_client */;

--
-- Dumping data for table `autores`
--

LOCK TABLES `autores` WRITE;
/*!40000 ALTER TABLE `autores` DISABLE KEYS */;
INSERT INTO `autores` VALUES (1,'J. K. ','Rowling','Gran Bretaña'),(2,'F. Scott.','Fitzgerald	','Estados Unidos'),(3,'Jason N.','Gaylord','Unidos'),(4,'Jane','Austen','Bretaña'),(5,'Todd ','Miranda','Unidos'),(6,'Christian ','Wenz','Unidos'),(8,'Sam','Mendes','Bretaña'),(9,'Taiki','Waititi ','Nueva Zelanda'),(10,'Bilall','Fallah ','Bélgica'),(11,'Jeff',' Fowler','Estados Unidos'),(12,'David','Wilson','Estados Unidos'),(13,'Leigh','Whannell','Australia'),(14,'Guy','Ritchie','Gran Bretaña'),(15,'Dan','Scanlon','Estados Unidos'),(16,'John','Krasinski','Estados Unidos'),(17,'Niki','Caro','Nueva Zelanda');
/*!40000 ALTER TABLE `autores` ENABLE KEYS */;
UNLOCK TABLES;

--
-- Table structure for table `ciudades`
--

DROP TABLE IF EXISTS `ciudades`;
/*!40101 SET @saved_cs_client     = @@character_set_client */;
/*!40101 SET character_set_client = utf8 */;
CREATE TABLE `ciudades` (
  `id` int(10) unsigned NOT NULL AUTO_INCREMENT,
  `ciudad` varchar(45) NOT NULL,
  `pais_id` int(11) unsigned NOT NULL,
  PRIMARY KEY (`id`),
  KEY `fk_ciudades_1_idx` (`pais_id`),
  CONSTRAINT `fk_ciudades_1` FOREIGN KEY (`pais_id`) REFERENCES `paises` (`id`) ON DELETE NO ACTION ON UPDATE NO ACTION
) ENGINE=InnoDB AUTO_INCREMENT=18 DEFAULT CHARSET=latin1;
/*!40101 SET character_set_client = @saved_cs_client */;

--
-- Dumping data for table `ciudades`
--

LOCK TABLES `ciudades` WRITE;
/*!40000 ALTER TABLE `ciudades` DISABLE KEYS */;
INSERT INTO `ciudades` VALUES (1,'Buenos Aires',1),(2,'Mar del Plata',1),(3,'Córdoba',1),(4,'Mendoza',1),(5,'Rosario',1),(6,'Bahia Blanca',1),(7,'Lima',2),(8,'Arequipa',2),(9,'Trujillo',2),(10,'Bogota',3),(11,'Medellin',3),(12,'Cali',3),(13,'Quito',4),(14,'Guayaquil',4),(15,'Montevideo',5),(16,'Punta del Este',5),(17,'Santiago de Chile',6);
/*!40000 ALTER TABLE `ciudades` ENABLE KEYS */;
UNLOCK TABLES;

--
-- Table structure for table `deterioros`
--

DROP TABLE IF EXISTS `deterioros`;
/*!40101 SET @saved_cs_client     = @@character_set_client */;
/*!40101 SET character_set_client = utf8 */;
CREATE TABLE `deterioros` (
  `id` int(10) unsigned NOT NULL AUTO_INCREMENT,
  `articulo_id` int(10) unsigned NOT NULL,
  `comentario` tinytext,
  PRIMARY KEY (`id`),
  KEY `deterioros_articulos_fk_idx` (`articulo_id`),
  CONSTRAINT `deterioros_articulos_fk` FOREIGN KEY (`articulo_id`) REFERENCES `articulos` (`id`)
) ENGINE=InnoDB DEFAULT CHARSET=utf8;
/*!40101 SET character_set_client = @saved_cs_client */;

--
-- Dumping data for table `deterioros`
--

LOCK TABLES `deterioros` WRITE;
/*!40000 ALTER TABLE `deterioros` DISABLE KEYS */;
/*!40000 ALTER TABLE `deterioros` ENABLE KEYS */;
UNLOCK TABLES;

--
-- Table structure for table `empleados`
--

DROP TABLE IF EXISTS `empleados`;
/*!40101 SET @saved_cs_client     = @@character_set_client */;
/*!40101 SET character_set_client = utf8 */;
CREATE TABLE `empleados` (
  `id` int(10) unsigned NOT NULL AUTO_INCREMENT,
  `empleado` varchar(45) DEFAULT NULL,
  `documento` varchar(45) DEFAULT NULL,
  `sucursal_id` int(10) unsigned NOT NULL,
  `sector_id` int(10) unsigned NOT NULL,
  `sueldo` decimal(10,2) unsigned DEFAULT NULL,
  PRIMARY KEY (`id`),
  KEY `fk_empleados_1_idx` (`sucursal_id`),
  KEY `fk_empleados_2_idx` (`sector_id`),
  CONSTRAINT `fk_empleados_1` FOREIGN KEY (`sucursal_id`) REFERENCES `sucursales` (`id`) ON DELETE NO ACTION ON UPDATE NO ACTION,
  CONSTRAINT `fk_empleados_2` FOREIGN KEY (`sector_id`) REFERENCES `sectores` (`id`) ON DELETE NO ACTION ON UPDATE NO ACTION
) ENGINE=InnoDB AUTO_INCREMENT=91 DEFAULT CHARSET=latin1;
/*!40101 SET character_set_client = @saved_cs_client */;

--
-- Dumping data for table `empleados`
--

LOCK TABLES `empleados` WRITE;
/*!40000 ALTER TABLE `empleados` DISABLE KEYS */;
INSERT INTO `empleados` VALUES (1,'Rial Luisa','25511319',41,2,17400.00),(2,'Hernández Florencia','38586385',45,3,7500.00),(3,'Gasparoti Alejandro','11930797',39,4,5000.00),(4,'Servio Lucrecia','33796555',46,4,15800.00),(5,'Sierra Maria','13008341',38,3,11000.00),(6,'Blanco Ramón','26752902',40,3,14500.00),(7,'Smith Patricia','30312394',4,4,6000.00),(8,'Casco Melanie','24086677',42,4,16200.00),(9,'Bouchard Patricia','27252818',5,3,8000.00),(10,'Hereu Lucrecia','32392969',44,4,18600.00),(11,'Bouchard Valentin','20238309',44,1,15800.00),(12,'Alderson Oriana','18608055',16,4,11000.00),(13,'Sanchez Lujan','26768333',13,2,19150.00),(14,'Smith Jhonattan','33545371',16,1,6500.00),(15,'Fino Daniel','25300529',11,3,5000.00),(16,'Fano Alan','20206279',20,1,10000.00),(17,'Aldao Lucrecia','37519787',51,4,18600.00),(18,'Lunners Patricia','33494114',16,3,4500.00),(19,'Rivera Ramón','21304383',39,3,18600.00),(20,'Moncada Melanie','20020482',49,1,7500.00),(21,'Sanchez Oriana','22964080',37,2,8000.00),(22,'Simpson Maria','33871929',18,4,14500.00),(23,'Gasparini Jose','24100678',2,3,15800.00),(24,'Bartorello Josefina','31268034',43,1,17400.00),(25,'Baigorria Mariana','23928769',40,1,6000.00),(26,'Diaz Johana','29971265',49,2,6000.00),(27,'Aldao Lionel','19309389',39,2,6500.00),(28,'Hernández Johana','23294480',8,1,9000.00),(29,'Moncada Adriana','28658407',45,1,5000.00),(30,'Fino Daniel','17058797',16,1,9000.00),(31,'Hereu Luciana','13342426',19,4,8000.00),(32,'Baigorria Andres','12680856',19,4,6500.00),(33,'Alderson Juan','15654031',14,4,15800.00),(34,'Hereu Lujan','12724912',4,3,16200.00),(35,'Rivera Adriana','20465475',51,3,19100.00),(36,'Hereu Adolfo','39894878',6,1,10500.00),(37,'Migueletes Leandro','33848533',20,3,10000.00),(38,'Bereterra Angela','23976263',43,3,19150.00),(39,'Oteiza Luisa','37403565',7,2,15800.00),(40,'Alderson Melanie','37525531',42,1,12500.00),(41,'Sierra Luisa','20950547',8,2,6500.00),(42,'Gasparoti Johana','26594539',20,2,5000.00),(43,'Narin Luisa','18980952',45,1,4500.00),(44,'Oteiza Milena','31920389',48,2,4500.00),(45,'Aldao Patricia','16048239',41,2,4500.00),(46,'Emede Juan','16151708',3,4,16200.00),(47,'Moncada Juan','25352872',9,1,19150.00),(48,'Rivera Oriana','35251233',45,2,18600.00),(49,'Rivera Nicolás','37904335',17,2,7500.00),(50,'Bereterra Luciana','28113748',15,2,15800.00),(51,'Moretti Josefina','15932649',15,3,9000.00),(52,'Baigorria Valentin','12057105',14,2,8500.00),(53,'Servio Juan','36094143',15,2,8000.00),(54,'Rodriguez Milena','28440894',49,1,10500.00),(55,'Sanchez Johana','23842403',14,1,19100.00),(56,'Hereu Celeste','39601841',5,4,19100.00),(57,'Rial Andres','34980483',39,4,6000.00),(58,'Bouchard Maria','11846478',44,1,19100.00),(59,'Sierra Angela','23570151',3,2,5000.00),(60,'Hernández Leandro','26235006',8,3,4500.00),(61,'Servio Angela','25772796',37,1,11000.00),(62,'Rodriguez Diego','30688067',43,3,19150.00),(63,'Fano Leandro','38650829',16,1,5000.00),(64,'Sierra Oriana','13122948',47,2,6500.00),(65,'Casco Jose','12729931',7,3,7500.00),(66,'Fino Daniel','27153514',10,4,6000.00),(67,'Casco Lucrecia','26123608',36,2,17400.00),(68,'Servio Lujan','39794121',36,1,19100.00),(69,'Casco Lujan','29367856',46,2,16200.00),(70,'Baigorria Patricia','30184645',35,3,17400.00),(71,'Smith Alejandro','21147426',38,3,18600.00),(72,'Gasparoti Josefina','23023528',40,1,12000.00),(73,'Lunners Maria','18178420',9,1,19150.00),(74,'Casco Federico','17083475',16,1,18600.00),(75,'Hereu Celeste','15339337',11,1,9000.00),(76,'Roque Angela','38560742',9,2,17400.00),(77,'Bartorello Melanie','27169208',17,2,6000.00),(78,'Fino Melanie','31979499',37,1,13000.00),(79,'Bartorello Lionel','35201066',44,2,13000.00),(80,'Smith Luisa','27873685',49,3,17400.00),(81,'Urzo Jorge','39542511',9,2,12000.00),(82,'Urzo Adriana','39671390',8,4,11000.00),(83,'Moretti Mariana','15182831',48,3,10000.00),(84,'Moretti Jose','25225860',20,2,14500.00),(85,'Lunners Pedro','26924342',51,3,8500.00),(86,'Bereterra Alan','22850971',37,3,10500.00),(87,'Smith Diego','26745642',8,3,12000.00),(88,'Servio Josefina','12789008',14,3,9000.00),(89,'Carboni Angela','29904081',12,2,9000.00),(90,'Smith Nicolás','14214984',19,1,19150.00);
/*!40000 ALTER TABLE `empleados` ENABLE KEYS */;
UNLOCK TABLES;

--
-- Table structure for table `paises`
--

DROP TABLE IF EXISTS `paises`;
/*!40101 SET @saved_cs_client     = @@character_set_client */;
/*!40101 SET character_set_client = utf8 */;
CREATE TABLE `paises` (
  `id` int(10) unsigned NOT NULL AUTO_INCREMENT,
  `pais` varchar(45) NOT NULL,
  PRIMARY KEY (`id`)
) ENGINE=InnoDB AUTO_INCREMENT=7 DEFAULT CHARSET=latin1;
/*!40101 SET character_set_client = @saved_cs_client */;

--
-- Dumping data for table `paises`
--

LOCK TABLES `paises` WRITE;
/*!40000 ALTER TABLE `paises` DISABLE KEYS */;
INSERT INTO `paises` VALUES (1,'Argentina'),(2,'Peru'),(3,'Colombia'),(4,'Ecuador'),(5,'Uruguay'),(6,'Chile');
/*!40000 ALTER TABLE `paises` ENABLE KEYS */;
UNLOCK TABLES;

--
-- Table structure for table `prestamos`
--

DROP TABLE IF EXISTS `prestamos`;
/*!40101 SET @saved_cs_client     = @@character_set_client */;
/*!40101 SET character_set_client = utf8 */;
CREATE TABLE `prestamos` (
  `id` int(10) unsigned NOT NULL AUTO_INCREMENT,
  `socio_id` int(10) unsigned NOT NULL,
  `articulo_id` int(10) unsigned NOT NULL,
  `fecha_prestamo` date DEFAULT NULL,
  `fecha_tope` date DEFAULT NULL,
  `fecha_devolucion` date DEFAULT NULL,
  PRIMARY KEY (`id`),
  KEY `prestamo_socio_fk_idx` (`socio_id`),
  KEY `prestamo_articulo_fk_idx` (`articulo_id`),
  CONSTRAINT `prestamo_articulo_fk` FOREIGN KEY (`articulo_id`) REFERENCES `articulos` (`id`),
  CONSTRAINT `prestamo_socio_fk` FOREIGN KEY (`socio_id`) REFERENCES `socios` (`id`)
) ENGINE=InnoDB AUTO_INCREMENT=640 DEFAULT CHARSET=utf8;
/*!40101 SET character_set_client = @saved_cs_client */;

--
-- Dumping data for table `prestamos`
--

LOCK TABLES `prestamos` WRITE;
/*!40000 ALTER TABLE `prestamos` DISABLE KEYS */;
INSERT INTO `prestamos` VALUES (1,1,1,'2021-07-16','2021-07-28','2020-02-25'),(2,2,55,'2021-02-28','2021-03-10','2021-03-07'),(3,8,57,'2021-12-30','2022-01-09','2022-01-05'),(4,10,74,'2021-12-07','2021-12-18','2021-02-28'),(5,23,17,'2021-05-10','2021-05-20','2021-05-12'),(6,21,33,'2021-06-02','2021-06-12','2021-06-08'),(7,2,5,'2021-11-22','2021-12-02','2021-11-25'),(8,7,100,'2021-09-10','2021-09-20','2021-09-18'),(9,3,86,'2020-08-12','2020-08-22','2020-08-16'),(10,7,26,'2021-10-30','2021-11-13','2021-02-28'),(11,5,6,'2021-05-14','2021-05-26','2020-10-31'),(12,25,97,'2021-10-26','2021-11-05','2021-11-28'),(13,22,49,'2021-11-24','2021-12-04','2021-12-01'),(14,26,42,'2021-08-08','2021-08-18','2021-08-26'),(15,4,89,'2022-02-02','2022-02-15','2020-08-09'),(16,7,17,'2021-09-20','2021-09-30','2021-10-07'),(17,13,74,'2021-12-10','2021-12-23','2021-09-05'),(18,1,37,'2020-11-14','2020-11-24','2020-11-21'),(19,23,63,'2020-12-11','2020-12-21','2020-12-28'),(20,22,70,'2021-11-01','2021-11-11','2021-11-10'),(21,15,21,'2021-06-09','2021-06-18','2021-04-24'),(22,24,75,'2021-09-29','2021-10-09','2021-11-02'),(23,19,79,'2021-06-07','2021-06-21','2020-09-24'),(24,4,97,'2021-05-26','2021-06-05','2021-06-01'),(25,6,74,'2021-11-20','2021-11-30','2021-11-22'),(26,6,76,'2021-10-21','2021-10-31','2021-10-28'),(27,13,80,'2021-10-28','2021-11-03','2021-01-30'),(28,23,16,'2021-07-07','2021-07-17','2021-07-09'),(29,6,5,'2021-02-14','2021-02-24','2021-02-21'),(30,25,60,'2021-07-26','2021-08-05','2021-07-31'),(31,21,75,'2021-06-26','2021-07-01','2021-04-12'),(32,10,17,'2020-12-15','2020-12-28','2020-11-02'),(33,16,32,'2020-08-30','2020-09-09','2020-10-08'),(34,19,57,'2021-07-09','2021-07-23','2020-11-12'),(35,9,16,'2021-06-11','2021-06-24','2020-10-29'),(36,19,92,'2021-10-26','2021-11-03','2021-11-24'),(37,21,23,'2021-11-29','2021-12-06','2020-09-15'),(38,23,34,'2021-08-14','2021-08-24','2021-08-17'),(39,9,79,'2021-06-13','2021-06-18','2021-06-29'),(40,12,25,'2021-09-28','2021-10-12','2020-08-09'),(41,4,76,'2021-07-02','2021-07-12','2021-07-11'),(73,47,852,'2021-12-02','2021-12-17','2021-12-18'),(74,88,1901,'2021-01-08','2021-01-23','2021-02-03'),(75,39,1760,'2022-02-07','2022-02-22',NULL),(76,48,1076,'2022-01-12','2022-01-27','2022-02-09'),(77,43,789,'2021-11-26','2021-12-11','2021-12-25'),(78,82,1482,'2021-02-26','2021-03-13','2021-03-04'),(79,49,92,'2022-02-02','2022-02-17','2022-02-20'),(80,83,1747,'2021-02-06','2021-02-21','2021-02-19'),(81,15,1860,'2022-02-19','2022-03-06',NULL),(82,45,547,'2021-02-12','2021-02-27','2021-02-21'),(88,11,1275,'2021-07-12','2021-07-27','2021-08-08'),(89,3,246,'2021-01-10','2021-01-25','2021-02-06'),(90,57,807,'2022-02-04','2022-02-19',NULL),(91,44,1687,'2021-06-06','2021-06-21','2021-06-23'),(92,14,13,'2021-07-18','2021-08-02','2021-08-05'),(93,65,295,'2021-10-19','2021-11-03','2021-10-29'),(94,88,1670,'2022-02-06','2022-02-21','2022-02-22'),(95,79,486,'2021-10-14','2021-10-29','2021-11-05'),(96,96,1815,'2021-07-14','2021-07-29','2021-08-13'),(97,94,1512,'2022-01-19','2022-02-03','2022-02-15'),(103,18,956,'2021-05-04','2021-05-19','2021-05-18'),(104,99,743,'2021-06-05','2021-06-20','2021-06-15'),(105,2,1702,'2021-04-15','2021-04-30','2021-04-21'),(106,44,862,'2021-08-10','2021-08-25','2021-09-01'),(107,100,1053,'2021-05-21','2021-06-05','2021-05-27'),(108,83,814,'2022-01-07','2022-01-22','2022-01-22'),(109,69,256,'2021-12-29','2022-01-13','2022-01-23'),(110,63,1343,'2021-10-20','2021-11-04','2021-11-13'),(111,67,348,'2021-04-26','2021-05-11','2021-05-09'),(112,95,240,'2022-02-01','2022-02-16','2022-02-15'),(118,84,1414,'2021-12-04','2021-12-19','2022-01-01'),(119,25,1836,'2021-04-14','2021-04-29','2021-04-29'),(120,11,1192,'2021-12-11','2021-12-26','2021-12-23'),(121,83,402,'2022-02-05','2022-02-20',NULL),(122,61,722,'2022-02-23','2022-03-10',NULL),(123,9,568,'2022-02-16','2022-03-03',NULL),(124,24,475,'2021-04-16','2021-05-01','2021-04-24'),(125,57,97,'2021-02-09','2021-02-24','2021-02-16'),(126,58,1368,'2021-02-27','2021-03-14','2021-03-04'),(127,88,337,'2021-05-13','2021-05-28','2021-06-08'),(207,20,723,'2021-06-20','2021-07-05','2021-06-29'),(208,31,738,'2022-02-22','2022-03-09',NULL),(209,3,1795,'2021-06-04','2021-06-19','2021-06-17'),(210,66,779,'2021-09-26','2021-10-11','2021-10-02'),(211,11,543,'2020-09-13','2020-09-28','2020-09-25'),(212,12,1400,'2021-11-18','2021-12-03','2021-12-02'),(213,33,736,'2021-04-01','2021-04-16','2021-04-28'),(214,99,1383,'2021-03-07','2021-03-22','2021-03-20'),(215,71,595,'2021-12-18','2022-01-02','2021-12-23'),(216,48,754,'2021-09-02','2021-09-17','2021-09-09'),(222,59,1347,'2021-10-28','2021-11-12','2021-11-10'),(223,81,1650,'2022-01-18','2022-02-02','2022-02-04'),(224,95,161,'2021-09-30','2021-10-15','2021-10-16'),(225,62,1549,'2021-11-17','2021-12-02','2021-12-09'),(226,23,1297,'2022-01-15','2022-01-30','2022-01-22'),(227,74,1158,'2021-01-03','2021-01-18','2021-01-20'),(228,86,799,'2022-02-18','2022-03-05',NULL),(229,56,944,'2021-05-16','2021-05-31','2021-05-24'),(230,84,1215,'2022-01-02','2022-01-17','2022-01-11'),(231,73,1245,'2022-01-10','2022-01-25','2022-01-25'),(237,13,1270,'2022-02-03','2022-02-18','2022-02-21'),(238,97,1481,'2021-11-17','2021-12-02','2021-12-04'),(239,3,1465,'2021-01-11','2021-01-26','2021-02-06'),(240,80,1158,'2021-03-28','2021-04-12','2021-04-18'),(241,70,1190,'2021-02-20','2021-03-07','2021-03-13'),(242,6,740,'2021-05-08','2021-05-23','2021-05-23'),(243,80,1438,'2022-01-30','2022-02-14','2022-02-04'),(244,43,1601,'2021-12-13','2021-12-28','2022-01-11'),(245,95,324,'2021-10-20','2021-11-04','2021-11-08'),(246,4,1270,'2022-02-03','2022-02-18','2022-02-09'),(255,55,197,'2021-05-01','2021-05-16','2021-05-20'),(256,90,226,'2021-06-29','2021-07-14','2021-07-20'),(257,95,607,'2021-04-27','2021-05-12','2021-05-15'),(258,80,1873,'2021-11-06','2021-11-21','2021-11-29'),(259,56,1535,'2022-01-14','2022-01-29','2022-01-19'),(260,38,863,'2022-02-19','2022-03-06',NULL),(261,15,678,'2021-04-29','2021-05-14','2021-05-04'),(262,36,1294,'2020-12-04','2020-12-19','2021-01-02'),(263,35,1327,'2022-02-04','2022-02-19','2022-02-26'),(264,45,228,'2021-11-18','2021-12-03','2021-12-04'),(285,25,333,'2022-02-22','2022-03-09',NULL),(286,14,287,'2021-12-18','2022-01-02','2021-12-31'),(287,36,550,'2021-09-27','2021-10-12','2021-10-10'),(288,41,243,'2022-02-21','2022-03-08',NULL),(289,45,1569,'2021-08-21','2021-09-05','2021-09-10'),(290,80,925,'2021-06-14','2021-06-29','2021-06-19'),(291,6,1547,'2021-09-26','2021-10-11','2021-10-07'),(292,91,97,'2021-07-08','2021-07-23','2021-07-19'),(293,57,1249,'2022-02-11','2022-02-26',NULL),(294,60,1888,'2021-10-02','2021-10-17','2021-10-17'),(300,19,1765,'2021-01-12','2021-01-27','2021-01-25'),(301,10,1283,'2022-01-27','2022-02-11','2022-02-11'),(302,10,872,'2021-06-01','2021-06-16','2021-06-07'),(303,101,1194,'2020-12-30','2021-01-14','2021-01-06'),(304,14,1489,'2022-02-15','2022-03-02',NULL),(305,52,395,'2022-02-11','2022-02-26',NULL),(306,51,1723,'2021-11-23','2021-12-08','2021-12-07'),(307,1,580,'2022-01-21','2022-02-05','2022-02-06'),(308,52,1224,'2021-12-22','2022-01-06','2021-12-31'),(309,69,875,'2021-11-23','2021-12-08','2021-12-13'),(363,16,350,'2022-01-30','2022-02-14','2022-02-13'),(364,48,1507,'2021-07-18','2021-08-02','2021-07-25'),(365,56,707,'2021-06-06','2021-06-21','2021-06-20'),(366,21,1761,'2022-02-21','2022-03-08',NULL),(367,101,415,'2022-01-22','2022-02-06','2022-02-11'),(368,10,1562,'2021-10-02','2021-10-17','2021-10-30'),(369,83,1154,'2021-10-02','2021-10-17','2021-10-23'),(370,60,251,'2021-04-15','2021-04-30','2021-05-02'),(371,90,97,'2021-07-21','2021-08-05','2021-08-06'),(372,60,1480,'2021-03-26','2021-04-10','2021-04-21'),(378,13,568,'2022-02-08','2022-02-23',NULL),(379,12,1278,'2021-08-18','2021-09-02','2021-09-11'),(380,2,110,'2021-02-09','2021-02-24','2021-02-22'),(381,25,102,'2021-11-16','2021-12-01','2021-12-01'),(382,54,945,'2022-01-28','2022-02-12','2022-02-02'),(383,90,1794,'2022-02-17','2022-03-04',NULL),(384,5,785,'2021-12-26','2022-01-10','2022-01-23'),(385,93,681,'2021-09-15','2021-09-30','2021-10-01'),(386,4,152,'2022-01-21','2022-02-05','2022-02-06'),(387,31,564,'2021-04-26','2021-05-11','2021-05-26'),(393,57,1720,'2021-08-17','2021-09-01','2021-09-03'),(394,85,911,'2021-04-06','2021-04-21','2021-04-23'),(395,89,1834,'2021-05-17','2021-06-01','2021-06-14'),(396,18,1861,'2022-01-17','2022-02-01','2022-01-26'),(397,37,1688,'2021-05-29','2021-06-13','2021-06-06'),(398,35,69,'2021-11-22','2021-12-07','2021-12-02'),(399,17,1367,'2021-06-03','2021-06-18','2021-06-23'),(400,9,562,'2021-05-07','2021-05-22','2021-05-19'),(401,21,280,'2022-02-20','2022-03-07',NULL),(402,12,256,'2021-12-09','2021-12-24','2021-12-31'),(408,33,440,'2022-01-09','2022-01-24','2022-01-26'),(409,18,325,'2021-12-05','2021-12-20','2021-12-21'),(410,34,310,'2021-08-20','2021-09-04','2021-09-14'),(411,82,1045,'2022-02-08','2022-02-23',NULL),(412,33,1822,'2021-09-08','2021-09-23','2021-09-27'),(413,83,427,'2021-03-15','2021-03-30','2021-03-30'),(414,68,1249,'2022-01-20','2022-02-04','2022-02-05'),(415,29,829,'2021-06-30','2021-07-15','2021-07-30'),(416,34,683,'2021-12-08','2021-12-23','2021-12-26'),(417,81,1700,'2022-01-10','2022-01-25','2022-01-30'),(433,57,28,'2021-10-27','2021-11-11','2021-11-14'),(434,39,1662,'2021-02-06','2021-02-21','2021-03-04'),(435,22,838,'2021-12-10','2021-12-25','2021-12-30'),(436,57,959,'2021-10-15','2021-10-30','2021-11-02'),(437,84,1149,'2021-01-29','2021-02-13','2021-02-24'),(438,56,1752,'2022-01-15','2022-01-30','2022-02-01'),(439,97,67,'2021-12-24','2022-01-08','2021-12-29'),(440,31,746,'2021-02-02','2021-02-17','2021-02-22'),(441,6,219,'2022-02-19','2022-03-06',NULL),(442,41,1255,'2021-03-14','2021-03-29','2021-04-10'),(451,96,1143,'2021-09-11','2021-09-26','2021-10-01'),(452,16,1887,'2020-12-22','2021-01-06','2021-01-07'),(453,49,778,'2021-01-15','2021-01-30','2021-01-30'),(454,62,1606,'2021-11-25','2021-12-10','2021-12-17'),(455,38,642,'2022-01-10','2022-01-25','2022-01-17'),(456,58,1551,'2022-01-02','2022-01-17','2022-01-21'),(457,38,817,'2021-05-13','2021-05-28','2021-05-30'),(458,3,1554,'2021-11-30','2021-12-15','2021-12-25'),(459,2,1206,'2022-01-31','2022-02-15','2022-02-17'),(460,12,1293,'2022-01-20','2022-02-04','2022-01-27'),(466,5,369,'2021-11-18','2021-12-03','2021-12-17'),(467,84,1090,'2021-03-10','2021-03-25','2021-03-28'),(468,38,230,'2021-03-31','2021-04-15','2021-04-25'),(469,51,277,'2021-11-02','2021-11-17','2021-11-14'),(470,23,1286,'2021-02-24','2021-03-11','2021-03-02'),(471,72,960,'2021-02-07','2021-02-22','2021-02-22'),(472,41,946,'2022-01-31','2022-02-15','2022-03-01'),(473,28,1698,'2021-07-11','2021-07-26','2021-07-26'),(474,64,882,'2022-02-16','2022-03-03',NULL),(475,44,1459,'2021-11-10','2021-11-25','2021-11-20'),(488,76,1810,'2022-02-21','2022-03-08',NULL),(489,52,1319,'2021-07-02','2021-07-17','2021-07-31'),(490,95,1140,'2021-10-21','2021-11-05','2021-11-19'),(491,19,255,'2021-12-20','2022-01-04','2022-01-18'),(492,12,293,'2021-02-21','2021-03-08','2021-03-19'),(493,44,1368,'2021-04-02','2021-04-17','2021-04-17'),(494,29,472,'2022-01-29','2022-02-13','2022-02-14'),(495,41,464,'2021-05-09','2021-05-24','2021-05-15'),(496,3,744,'2021-11-26','2021-12-11','2021-12-01'),(497,89,435,'2022-02-02','2022-02-17','2022-03-01'),(536,83,948,'2022-02-10','2022-02-25',NULL),(537,4,1322,'2022-01-17','2022-02-01','2022-01-28'),(538,36,1323,'2021-03-06','2021-03-21','2021-03-27'),(539,42,1811,'2021-11-30','2021-12-15','2021-12-16'),(540,54,1519,'2021-05-25','2021-06-09','2021-06-05'),(541,40,1118,'2022-01-30','2022-02-14','2022-02-04'),(542,76,1857,'2021-01-03','2021-01-18','2021-01-17'),(543,64,445,'2022-01-31','2022-02-15','2022-02-22'),(544,28,1257,'2021-08-27','2021-09-11','2021-09-10'),(545,49,815,'2021-12-03','2021-12-18','2021-12-30'),(551,71,353,'2021-06-08','2021-06-23','2021-06-15'),(552,86,1278,'2021-07-21','2021-08-05','2021-08-19'),(553,83,124,'2022-01-20','2022-02-04','2022-02-05'),(554,89,381,'2021-04-30','2021-05-15','2021-05-16'),(555,37,411,'2022-01-13','2022-01-28','2022-02-07'),(556,100,561,'2021-01-03','2021-01-18','2021-01-23'),(557,52,1233,'2022-01-04','2022-01-19','2022-01-25'),(558,73,1217,'2022-02-01','2022-02-16','2022-02-17'),(559,5,583,'2021-10-15','2021-10-30','2021-10-28'),(560,40,121,'2021-06-14','2021-06-29','2021-06-25'),(566,13,860,'2021-04-26','2021-05-11','2021-05-10'),(567,88,1900,'2021-10-19','2021-11-03','2021-11-17'),(568,38,1675,'2022-01-25','2022-02-09','2022-02-17'),(569,28,1371,'2021-08-03','2021-08-18','2021-08-25'),(570,79,1436,'2021-11-23','2021-12-08','2021-12-02'),(571,43,1601,'2021-10-15','2021-10-30','2021-11-13'),(572,95,337,'2021-03-14','2021-03-29','2021-03-21'),(573,7,1510,'2021-01-10','2021-01-25','2021-02-02'),(574,78,886,'2022-02-21','2022-03-08',NULL),(575,2,1334,'2022-02-10','2022-02-25',NULL),(581,45,205,'2021-08-16','2021-08-31','2021-08-27'),(582,22,1411,'2022-01-16','2022-01-31','2022-01-26'),(583,7,180,'2021-12-02','2021-12-17','2021-12-12'),(584,29,246,'2020-09-26','2020-10-11','2020-10-11'),(585,81,1138,'2021-11-26','2021-12-11','2021-12-13'),(586,61,355,'2021-06-13','2021-06-28','2021-06-20'),(587,15,297,'2021-12-04','2021-12-19','2022-01-03'),(588,36,549,'2022-01-22','2022-02-06',NULL),(589,39,120,'2021-06-24','2021-07-09','2021-07-16'),(590,17,1157,'2022-01-05','2022-01-20','2022-01-12'),(625,46,1191,'2021-06-26','2021-07-11','2021-07-14'),(626,78,1839,'2021-11-14','2021-11-29','2021-11-26'),(627,53,1341,'2021-01-12','2021-01-27','2021-02-10'),(628,97,1306,'2021-12-08','2021-12-23','2022-01-05'),(629,56,1296,'2021-04-30','2021-05-15','2021-05-19'),(630,77,1429,'2022-01-09','2022-01-24','2022-01-17'),(631,49,244,'2021-08-04','2021-08-19','2021-08-09'),(632,22,1297,'2022-02-15','2022-03-02',NULL),(633,78,1485,'2021-11-27','2021-12-12','2021-12-21'),(634,61,1276,'2021-03-28','2021-04-12','2021-04-16');
/*!40000 ALTER TABLE `prestamos` ENABLE KEYS */;
UNLOCK TABLES;

--
-- Table structure for table `sectores`
--

DROP TABLE IF EXISTS `sectores`;
/*!40101 SET @saved_cs_client     = @@character_set_client */;
/*!40101 SET character_set_client = utf8 */;
CREATE TABLE `sectores` (
  `id` int(10) unsigned NOT NULL,
  `sector` varchar(45) DEFAULT NULL,
  PRIMARY KEY (`id`)
) ENGINE=InnoDB DEFAULT CHARSET=latin1;
/*!40101 SET character_set_client = @saved_cs_client */;

--
-- Dumping data for table `sectores`
--

LOCK TABLES `sectores` WRITE;
/*!40000 ALTER TABLE `sectores` DISABLE KEYS */;
INSERT INTO `sectores` VALUES (1,'Ventas'),(2,'Marketing'),(3,'Publicidad'),(4,'Gerencia');
/*!40000 ALTER TABLE `sectores` ENABLE KEYS */;
UNLOCK TABLES;

--
-- Table structure for table `socios`
--

DROP TABLE IF EXISTS `socios`;
/*!40101 SET @saved_cs_client     = @@character_set_client */;
/*!40101 SET character_set_client = utf8 */;
CREATE TABLE `socios` (
  `id` int(10) unsigned NOT NULL AUTO_INCREMENT,
  `dni` varchar(15) DEFAULT NULL,
  `nombre` varchar(70) DEFAULT NULL,
  `apellido` varchar(70) DEFAULT NULL,
  `email` varchar(100) DEFAULT NULL COMMENT 'Tabla de socios de la biblioteca.',
  `direccion` varchar(150) DEFAULT NULL,
  `telefono` varchar(60) DEFAULT NULL,
  `ciudad_id` int(10) unsigned NOT NULL,
  PRIMARY KEY (`id`),
  UNIQUE KEY `dni_UNIQUE` (`dni`),
  UNIQUE KEY `email_UNIQUE` (`email`),
  KEY `fk_socios_1_idx` (`ciudad_id`),
  CONSTRAINT `fk_socios_1` FOREIGN KEY (`ciudad_id`) REFERENCES `ciudades` (`id`) ON DELETE NO ACTION ON UPDATE NO ACTION
) ENGINE=InnoDB AUTO_INCREMENT=102 DEFAULT CHARSET=utf8;
/*!40101 SET character_set_client = @saved_cs_client */;

--
-- Dumping data for table `socios`
--

LOCK TABLES `socios` WRITE;
/*!40000 ALTER TABLE `socios` DISABLE KEYS */;
INSERT INTO `socios` VALUES (1,'49525672','Luciana','Smith','lucianasmith@outlook.com.ar','Araoz 4945 1 D','272200428',5),(2,'11553190','Alan','Rivera','alanrivera@outlook.com','Bermejo 2164','416263411',10),(3,'43463982','Jhonattan','Smith','jhonattansmith@outlook.com.ar','Gral M de Azcuenaga 7923','405502617',4),(4,'39843037','Celeste','Baigorria','celestebaigorria@gmail.com','Diagonal Guillermo E Hudson 2517','189248602',3),(5,'48264037','Johana','Emede','johanaemede@outlook.com.ar','Chile 9081 4 A','168261584',5),(6,'34007414','Ernesto','Bartorello','ernestobartorello@outlook.com.ar','Guernica 4412','450366326',16),(7,'22835556','Adolfo','Moncada','adolfomoncada@outlook.com','Jose Marmol 1659','346971113',13),(8,'14291997','Raul','Fino','raulfino@gmail.com','Hernandarias 1808','414078629',15),(9,'40125657','Luciana','Blanco','lucianablanco@gmail.com','20 de Septiembre 3141 1 E','153486297',2),(10,'31000843','Adolfo','Carboni','adolfocarboni@outlook.com','Baldomero 1662','351455277',15),(11,'37628041','Oriana','Casco','orianacasco@gmail.com','Gral Jose Maria Piran 9701','131635460',17),(12,'15952886','Diego','Martinez','diegomartinez@outlook.com','Florentino Ameghino 2049','325231076',6),(13,'31614847','Florencia','Narin','florencianarin@hotmail.com','Gral Rafael de Riego 6344 5 E','223839396',13),(14,'37202432','Patricia','Fino','patriciafino@outlook.com.ar','Guillermo Rawson 7469','387431926',13),(15,'35804422','Patricia','Narin','patricianarin@outlook.com.ar','Juan Calchaqui 7230','438425362',9),(16,'23278261','Patricia','Basile','patriciabasile@outlook.com.ar','Gral Jose Maria Piran 4879','205208712',3),(17,'27154570','Daniel','Gasparini','danielgasparini@outlook.com','Dr Manuel Belgrano 5550 10 B','462115324',5),(18,'11232113','Maria','Oteiza','mariaoteiza@gmail.com','Guernica 2512','63372199',14),(19,'49461468','Maria','Alderson','mariaalderson@outlook.com.ar','Estado de Israel 4018','276230863',6),(20,'18394191','Jose','Narin','josenarin@hotmail.com','Juan Agustin Maza 4966','143460421',5),(21,'24886152','Federico','Blanco','federicoblanco@outlook.com','Juan Larrea 3558 3 D','108273232',5),(22,'17241313','Melanie','Bartorello','melaniebartorello@hotmail.com','Gral M Soler 1016','266874229',10),(23,'21441367','Adolfo','Sanchez','adolfosanchez@gmail.com','3 de Febrero 2238','380866381',1),(24,'21821690','Jhonattan','Smith','jhonattansmith@hotmail.com','Gral Gregorio Velez 5435','417666973',8),(25,'34447356','Ramón','Martinez','ramónmartinez@outlook.com','Chile 8783 4 A','446112862',5),(26,'38591423','Ernesto','Rodriguez','ernestorodriguez@gmail.com','Juan de Ayolas 7000','78700183',14),(27,'12040645','Jose','Sierra','josesierra@outlook.com','Diagonal Cesar Gascon 9875','479531848',4),(28,'48194282','Alejandro','Migueletes','alejandromigueletes@gmail.com','Antonio Galeano 4903','261773582',11),(29,'15903255','Josefina','Emede','josefinaemede@gmail.com','Gral J J de Urquiza 1064 3 F','152416921',11),(30,'28765251','Alejandro','Rivera','alejandrorivera@hotmail.com','Diagonal Cesar Gascon 8451','342853309',3),(31,'11177569','Juan','Moretti','juanmoretti@outlook.com','1 de Mayo 5692','180249339',15),(32,'48756790','Patricia','Hereu','patriciahereu@outlook.com','Gral San Martin 9207','446120939',14),(33,'33716634','Luisa','Hernández','luisahernández@outlook.com','Juan Larrea 4331 2 B','393406498',9),(34,'22129276','Jose','Simpson','josesimpson@outlook.com','Granados 7959','336443654',2),(35,'34184574','Josefina','Basile','josefinabasile@outlook.com','Diagonal Cesar Gascon 8209','36267998',16),(36,'15207534','Maria','Hernández','mariahernández@gmail.com','Garcia Lorca 9722','366954291',8),(37,'12784037','Sofia','Alderson','sofiaalderson@hotmail.com','Antonio Garagiola 9498 1 D','157331123',6),(38,'38511637','Patricia','Fano','patriciafano@outlook.com.ar','Aragon 1516','166369703',5),(39,'25129175','Jorge','Baigorria','jorgebaigorria@outlook.com','Juan A Peña 9935','188236998',9),(40,'28743827','Florencia','Servio','florenciaservio@hotmail.com','Dr Luis Pasteur 592','194007482',10),(41,'40723470','Milena','Rivera','milenarivera@gmail.com','Jose Ortega y Gasset 1067 3 F','40807636',6),(42,'37772392','Alan','Narin','alannarin@outlook.com','Bahia Aguirre 5401','237514918',15),(43,'49397440','Jose','Smith','josesmith@hotmail.com','Grecia 212','79486617',8),(44,'16842266','Valentin','Blanco','valentinblanco@gmail.com','Dr Pablo Groeber 8033','202478580',11),(45,'36887042','Federico','Alderson','federicoalderson@outlook.com','Hipolito Bouchard 2035 3 F','243469722',12),(46,'18669035','Lucrecia','Rivera','lucreciarivera@gmail.com','1 de Mayo 6175','122907327',11),(47,'34383287','Andres','Perez','andresperez@outlook.com.ar','Aragon 3969','152025435',2),(48,'44457480','Alejandro','Carboni','alejandrocarboni@outlook.com.ar','Avenida Dr Juan Jose Paso 977','48715802',10),(49,'49786131','Luciana','Bereterra','lucianabereterra@outlook.com','Hipolito Yrigoyen 7858 9 A','150362777',9),(50,'24411531','Celeste','Lunners','celestelunners@outlook.com','Guardacosta Rio Iguazu 1719','251243899',16),(51,'42972823','Johana','Blanco','johanablanco@hotmail.com','Ariel V Manuwal 664','461472244',1),(52,'42274580','Leandro','Moretti','leandromoretti@gmail.com','Juan Agustin Maza 9735','134901240',5),(53,'30605481','Johana','Emede','johanaemede@hotmail.com','Gral Jose G Artigas 7001 3 C','221411426',7),(54,'24842171','Pedro','Fino','pedrofino@outlook.com','Guillermo Bayley 4982','93425494',2),(55,'22428292','Jhonattan','Urzo','jhonattanurzo@hotmail.com','Garcia Lorca 9099','391267686',6),(56,'41014301','Alejandro','Blanco','alejandroblanco@outlook.com.ar','Falucho 5731','270253875',6),(57,'25884286','Mariana','Narin','mariananarin@hotmail.com','25 de Mayo 5390 8 C','458945945',12),(58,'31307345','Jhonattan','Distefano','jhonattandistefano@gmail.com','Gral Mariano Acha 3750','270146660',7),(59,'41285826','Andres','Sanchez','andressanchez@outlook.com.ar','Hernandarias 4945','343061943',14),(60,'20092699','Jorge','Smith','jorgesmith@outlook.com.ar','Gandhi 3458','440653922',16),(61,'42693399','Raul','Narin','raulnarin@outlook.com.ar','Grecia 2859 4 A','149662246',3),(62,'45811989','Valentin','Migueletes','valentinmigueletes@gmail.com','Jose Rondeau 373','368013515',1),(63,'19484827','Maria','Rial','mariarial@outlook.com','Dr V Alsina 3689','180911415',13),(64,'40626345','Josefina','Sierra','josefinasierra@outlook.com','Antonio Galeano 4831','491716932',8),(65,'15952274','Sofia','Diaz','sofiadiaz@hotmail.com','E Guanahani 1225 10 E','299844596',3),(66,'17804252','Lucrecia','Sanchez','lucreciasanchez@outlook.com.ar','Bermejo 1048','441617726',6),(67,'30618080','Mariana','Rivera','marianarivera@outlook.com.ar','Friuli 1554','70495541',5),(68,'49739567','Daniel','Rodriguez','danielrodriguez@hotmail.com','Andres Mac Gaul 2206','215618077',7),(69,'19400853','Jorge','Sierra','jorgesierra@gmail.com','España 3225 9 D','436924449',1),(70,'26632853','Jhonattan','Perez','jhonattanperez@hotmail.com','Dr Pedro Medrano 5213','455032090',17),(71,'38338561','Ernesto','Rivera','ernestorivera@outlook.com.ar','Diagonal Cesar Gascon 245','266040628',16),(72,'26761509','Florencia','Aldao','florenciaaldao@outlook.com.ar','Jose Zacagnini 5801','464792017',10),(73,'46705472','Federico','Lunners','federicolunners@hotmail.com','Benito Juarez 2127 6 D','158871112',17),(74,'31599399','Patricia','Lunners','patricialunners@gmail.com','Chacabuco 9036','487165555',3),(75,'26965288','Adriana','Gasparoti','adrianagasparoti@outlook.com.ar','Juan Diaz de Solis 3529','481438683',14),(76,'42683565','Pedro','Oteiza','pedrooteiza@gmail.com','Gral Mariano Acha 9550','238251754',9),(77,'12549143','Angela','Sanchez','angelasanchez@outlook.com.ar','Ciancheta 7373 5 F','286647289',5),(78,'37959876','Milena','Simpson','milenasimpson@outlook.com','Jose Marmol 9013','125773956',15),(79,'33830589','Jose','Basile','josebasile@outlook.com.ar','1 de Mayo 2811','489907965',9),(80,'33774393','Adriana','Emede','adrianaemede@outlook.com','Haras Horizonte 546','279301884',16),(81,'49786307','Andres','Distefano','andresdistefano@gmail.com','Dr Marcelo Fitte 6704 9 A','282911880',3),(82,'13849469','Valentin','Bartorello','valentinbartorello@outlook.com.ar','Granados 3191','292430021',15),(83,'27886380','Lucrecia','Gasparini','lucreciagasparini@outlook.com','Gral Gregorio Velez 9966','212017553',14),(84,'13429029','Luisa','Perez','luisaperez@hotmail.com','Jose Ortega y Gasset 6772','321179686',7),(85,'38816096','Andres','Alderson','andresalderson@gmail.com','Armenia 826 4 F','283644953',9),(86,'45271913','Pedro','Bartorello','pedrobartorello@outlook.com','Gral Jose Maria Piran 5422','400267692',8),(87,'49655233','Josefina','Moncada','josefinamoncada@outlook.com','Gral Jose Maria Paz 3992','367385157',13),(88,'43348019','Nicolás','Diaz','nicolásdiaz@hotmail.com','Falucho 660','89287652',6),(89,'35092550','Angela','Garcia','angelagarcia@outlook.com','Dr Pedro Medrano 9857 7 A','51782839',8),(90,'25495537','Diego','Casco','diegocasco@gmail.com','Dr Pedro Medrano 2737','149964797',6),(91,'19865524','Oriana','Sanchez','orianasanchez@outlook.com','Gral M Soler 2827','451242805',2),(92,'20510827','Lionel','Hereu','lionelhereu@outlook.com','Ciudad de Oneglia 4649','440995864',11),(93,'19070610','Melanie','Gasparini','melaniegasparini@outlook.com.ar','14 de Julio 3495 9 B','445333385',13),(94,'45821705','Oriana','Fernandez','orianafernandez@outlook.com','Antonio Martinez 3457','59608219',14),(95,'22310554','Celeste','Basile','celestebasile@gmail.com','Gandhi 3060','175062367',13),(96,'17774644','Adolfo','Simpson','adolfosimpson@gmail.com','Jose Maria Calaza 8348','173581535',8),(97,'36696865','Juan','Garcia','juangarcia@outlook.com','Juan Nestor Guerra 8803 2 B','84140319',1),(98,'38693277','Lucrecia','Sierra','lucreciasierra@outlook.com.ar','Estado de Israel 4450','337047587',12),(99,'36388945','Lujan','Baigorria','lujanbaigorria@outlook.com.ar','Avenida Dr Juan Hector Jara 8301','86153886',6),(100,'44092027','Juan','Bereterra','juanbereterra@outlook.com','Avenida Dr Juan Hector Jara 4209','347227554',10),(101,'27107152','Lucrecia','Gasparoti','lucreciagasparoti@hotmail.com','Gral M de Azcuenaga 3974 3 B','494006635',15);
/*!40000 ALTER TABLE `socios` ENABLE KEYS */;
UNLOCK TABLES;

--
-- Table structure for table `sucursales`
--

DROP TABLE IF EXISTS `sucursales`;
/*!40101 SET @saved_cs_client     = @@character_set_client */;
/*!40101 SET character_set_client = utf8 */;
CREATE TABLE `sucursales` (
  `id` int(10) unsigned NOT NULL AUTO_INCREMENT,
  `nombre` varchar(45) NOT NULL,
  `ciudad_id` int(10) unsigned NOT NULL,
  `fecha_apertura` date NOT NULL,
  PRIMARY KEY (`id`),
  KEY `fk_sucursales_1_idx` (`ciudad_id`),
  CONSTRAINT `fk_sucursales_1` FOREIGN KEY (`ciudad_id`) REFERENCES `ciudades` (`id`) ON DELETE NO ACTION ON UPDATE NO ACTION
) ENGINE=InnoDB AUTO_INCREMENT=66 DEFAULT CHARSET=latin1;
/*!40101 SET character_set_client = @saved_cs_client */;

--
-- Dumping data for table `sucursales`
--

LOCK TABLES `sucursales` WRITE;
/*!40000 ALTER TABLE `sucursales` DISABLE KEYS */;
INSERT INTO `sucursales` VALUES (1,'BlockFilms',6,'2020-08-17'),(2,'Libros & Peliculas',17,'2020-07-05'),(3,'Blockbuster',8,'2020-12-19'),(4,'Blockbuster Video',17,'2021-06-22'),(5,'Blockbuster Mega',9,'2021-05-24'),(6,'Blockbuster',8,'2022-02-03'),(7,'Libros & Peliculas',14,'2021-05-27'),(8,'Blockbuster',13,'2021-11-16'),(9,'Libros & Peliculas',9,'2021-12-26'),(10,'Blockbuster Centro',15,'2021-12-29'),(11,'Blockbuster Centro',14,'2021-02-04'),(12,'VideoBuster',17,'2020-11-27'),(13,'VideoBuster',15,'2020-12-03'),(14,'Blockbuster Video',3,'2022-01-06'),(15,'Blockbuster Centro',3,'2021-05-31'),(16,'BlockFilms',14,'2022-02-20'),(17,'VideoBuster',8,'2021-12-13'),(18,'Blockbuster',10,'2021-04-15'),(19,'Blockbuster Mega',14,'2021-08-21'),(20,'Blockbuster Mega',6,'2021-11-11'),(35,'Blockbuster Centro',10,'2021-02-04'),(36,'Blockbuster Video',14,'2021-11-07'),(37,'Libros & Peliculas',2,'2021-10-09'),(38,'Blockbuster Centro',10,'2021-05-20'),(39,'Blockbuster Video',5,'2021-02-24'),(40,'Tu Blockbuster',10,'2020-11-10'),(41,'Blockbuster Video',16,'2020-11-26'),(42,'Blockbuster Centro',9,'2021-11-04'),(43,'VideoBuster',14,'2021-01-09'),(44,'Tu Blockbuster',17,'2021-11-06'),(45,'Blockbuster Video',2,'2020-11-17'),(46,'Blockbuster Mega',17,'2022-01-09'),(47,'Blockbuster Mega',11,'2021-10-01'),(48,'VideoBuster',9,'2021-06-13'),(49,'Blockbuster Centro',16,'2021-09-11'),(50,'Tu Blockbuster',10,'2022-01-30'),(51,'Blockbuster Mega',11,'2021-06-29');
/*!40000 ALTER TABLE `sucursales` ENABLE KEYS */;
UNLOCK TABLES;
/*!40103 SET TIME_ZONE=@OLD_TIME_ZONE */;

/*!40101 SET SQL_MODE=@OLD_SQL_MODE */;
/*!40014 SET FOREIGN_KEY_CHECKS=@OLD_FOREIGN_KEY_CHECKS */;
/*!40014 SET UNIQUE_CHECKS=@OLD_UNIQUE_CHECKS */;
/*!40101 SET CHARACTER_SET_CLIENT=@OLD_CHARACTER_SET_CLIENT */;
/*!40101 SET CHARACTER_SET_RESULTS=@OLD_CHARACTER_SET_RESULTS */;
/*!40101 SET COLLATION_CONNECTION=@OLD_COLLATION_CONNECTION */;
/*!40111 SET SQL_NOTES=@OLD_SQL_NOTES */;

-- Dump completed on 2022-02-23 14:55:30
